product_id,brand,seller_id,stock_quantity,avg_rating,num_reviews
PROD01144,Brand_A,SELLER071,220,4.3,1573
PROD02279,Brand_D,SELLER092,311,3.1,343
PROD04946,Brand_G,SELLER085,641,4.1,2376
PROD02371,Brand_E,SELLER049,845,4.5,4105
PROD04991,Brand_D,SELLER070,760,3.5,3199
PROD02585,Brand_C,SELLER080,69,3.5,4434
PROD04781,Brand_H,SELLER057,960,4.9,1474
PROD04882,Brand_C,SELLER065,242,3.5,2689
PROD02158,Brand_C,SELLER001,209,2.9,906
PROD02520,Brand_D,SELLER019,875,4.2,3130
PROD02554,Brand_F,SELLER040,946,2.7,2388
PROD00483,Brand_F,SELLER082,721,3.5,714
PROD03532,Brand_H,SELLER040,156,4.5,1347
PROD01504,Brand_A,SELLER044,880,3.4,587
PROD03944,Brand_B,SELLER032,482,4.1,975
PROD01784,Brand_D,SELLER057,690,4.0,4866
PROD00557,Brand_D,SELLER009,468,4.8,1283
PROD03243,Brand_G,SELLER019,233,3.8,1108
PROD00564,Brand_B,SELLER089,276,3.7,2996
PROD02167,Brand_G,SELLER068,441,3.0,1143
PROD00417,Brand_B,SELLER083,477,4.2,1806
PROD01222,Brand_D,SELLER064,932,4.2,1601
PROD03330,Brand_E,SELLER057,779,3.3,2169
PROD00886,Brand_F,SELLER046,745,4.2,1789
PROD00569,Brand_H,SELLER089,51,4.2,4255
PROD04888,Brand_B,SELLER044,468,3.4,1611
PROD02984,Brand_D,SELLER091,694,4.2,958
PROD01426,Brand_B,SELLER048,720,3.3,4635
PROD01391,Brand_G,SELLER063,298,3.2,4425
PROD03731,Brand_D,SELLER099,994,4.3,61
PROD03806,Brand_C,SELLER036,492,3.2,1452
PROD03889,Brand_B,SELLER012,365,4.4,4195
PROD01134,Brand_F,SELLER026,887,4.8,399
PROD00161,Brand_H,SELLER036,978,2.5,2379
PROD03571,Brand_E,SELLER030,771,3.3,2041
PROD00688,Brand_F,SELLER036,666,5.0,1430
PROD03853,Brand_B,SELLER072,223,3.8,3950
PROD00938,Brand_D,SELLER079,361,3.8,1220
PROD03075,Brand_D,SELLER035,688,3.9,2521
PROD03036,Brand_D,SELLER042,661,3.6,982
PROD04409,Brand_B,SELLER011,634,2.8,1255
PROD02663,Brand_E,SELLER022,103,2.9,2307
PROD03901,Brand_D,SELLER044,506,2.9,2382
PROD03486,Brand_A,SELLER098,364,2.8,327
PROD03967,Brand_G,SELLER075,996,4.1,2605
PROD04534,Brand_H,SELLER061,387,3.6,1616
PROD03283,Brand_E,SELLER013,592,5.0,4276
PROD02436,Brand_G,SELLER044,353,2.9,3624
PROD03691,Brand_G,SELLER011,881,4.3,4143
PROD01621,Brand_F,SELLER017,539,2.6,146
PROD02231,Brand_A,SELLER006,773,2.7,2405
PROD01436,Brand_G,SELLER098,81,2.7,2712
PROD01318,Brand_B,SELLER075,881,3.4,4930
PROD03386,Brand_C,SELLER049,982,4.5,3662
PROD04988,Brand_E,SELLER031,340,3.0,3739
PROD04169,Brand_G,SELLER023,222,3.7,717
PROD02785,Brand_A,SELLER005,216,3.3,1680
PROD04115,Brand_E,SELLER081,909,2.5,3353
PROD02774,Brand_G,SELLER094,772,2.7,4812
PROD00741,Brand_B,SELLER088,801,3.1,4809
PROD01193,Brand_D,SELLER029,751,4.1,649
PROD03765,Brand_H,SELLER005,143,3.4,3053
PROD01632,Brand_H,SELLER034,995,3.6,1474
PROD00402,Brand_C,SELLER100,165,4.9,2713
PROD02531,Brand_B,SELLER093,254,3.3,55
PROD01348,Brand_H,SELLER069,477,3.1,2645
PROD00115,Brand_E,SELLER070,177,4.6,624
PROD04600,Brand_H,SELLER098,510,4.9,4562
PROD01924,Brand_H,SELLER098,203,3.1,1808
PROD00751,Brand_G,SELLER089,784,4.1,3074
PROD02692,Brand_F,SELLER042,706,3.7,4311
PROD04824,Brand_H,SELLER013,183,4.1,3176
PROD00356,Brand_H,SELLER033,397,4.4,1729
PROD01216,Brand_H,SELLER056,69,4.9,4389
PROD01872,Brand_B,SELLER043,296,3.8,3212
PROD00764,Brand_F,SELLER081,925,4.8,3583
PROD02560,Brand_C,SELLER034,713,5.0,711
PROD04561,Brand_D,SELLER065,229,4.3,4971
PROD00252,Brand_F,SELLER011,583,3.2,1960
PROD00408,Brand_C,SELLER032,60,3.0,1501
PROD04317,Brand_B,SELLER036,629,2.7,3771
PROD00064,Brand_G,SELLER058,949,2.9,3823
PROD02565,Brand_C,SELLER072,350,2.6,190
PROD00868,Brand_A,SELLER050,143,4.6,1361
PROD02877,Brand_H,SELLER004,125,3.0,2085
PROD04748,Brand_F,SELLER067,798,4.9,4058
PROD03783,Brand_C,SELLER046,333,4.5,2536
PROD01543,Brand_H,SELLER065,568,3.1,4365
PROD03587,Brand_C,SELLER001,245,4.4,768
PROD04571,Brand_G,SELLER039,908,4.5,2053
PROD02537,Brand_F,SELLER094,930,2.9,1385
PROD01127,Brand_A,SELLER033,769,3.9,3999
PROD02985,Brand_C,SELLER088,276,4.6,2092
PROD03129,Brand_G,SELLER063,504,3.7,2691
PROD02235,Brand_G,SELLER066,963,4.0,4184
PROD03064,Brand_A,SELLER077,266,3.7,3775
PROD01137,Brand_G,SELLER013,937,4.3,1077
PROD01954,Brand_H,SELLER064,28,4.9,1285
PROD02891,Brand_H,SELLER031,837,3.5,1737
PROD02926,Brand_E,SELLER005,228,3.5,1752
PROD01105,Brand_G,SELLER039,160,3.0,846
PROD01566,Brand_F,SELLER074,205,4.0,3018
PROD03010,Brand_C,SELLER014,825,3.7,4458
PROD02511,Brand_F,SELLER016,51,2.9,326
PROD02977,Brand_H,SELLER001,700,4.4,1905
PROD03039,Brand_C,SELLER053,818,4.5,3708
PROD02145,Brand_D,SELLER060,845,3.3,4277
PROD00532,Brand_H,SELLER076,647,3.9,2153
PROD03829,Brand_H,SELLER049,504,4.4,4664
PROD02823,Brand_E,SELLER077,931,3.7,217
PROD02835,Brand_A,SELLER059,792,3.3,1829
PROD04958,Brand_A,SELLER008,899,3.7,2677
PROD02475,Brand_H,SELLER019,74,2.8,3270
PROD02616,Brand_D,SELLER005,725,4.4,711
PROD02378,Brand_H,SELLER025,767,2.9,1163
PROD00738,Brand_A,SELLER002,276,4.1,1783
PROD00974,Brand_D,SELLER085,340,3.6,3820
PROD01123,Brand_A,SELLER094,929,4.7,641
PROD04176,Brand_D,SELLER089,348,3.2,1915
PROD04732,Brand_B,SELLER022,879,4.1,1194
PROD01671,Brand_B,SELLER061,581,4.9,4276
PROD02166,Brand_D,SELLER056,150,3.7,2395
PROD04592,Brand_D,SELLER012,790,3.4,1968
PROD03624,Brand_B,SELLER082,823,4.3,401
PROD04351,Brand_E,SELLER045,375,3.2,2142
PROD03912,Brand_E,SELLER063,950,3.4,2721
PROD01527,Brand_A,SELLER074,851,4.6,1519
PROD03835,Brand_H,SELLER045,359,2.8,312
PROD01438,Brand_D,SELLER067,541,2.6,2007
PROD03660,Brand_E,SELLER059,259,3.5,2022
PROD00962,Brand_B,SELLER059,149,3.8,4365
PROD04881,Brand_H,SELLER043,952,4.0,2963
PROD04263,Brand_F,SELLER087,755,3.2,526
PROD03244,Brand_C,SELLER031,897,4.7,4413
PROD01475,Brand_E,SELLER031,934,3.5,1246
PROD04333,Brand_G,SELLER002,305,3.8,3237
PROD00925,Brand_C,SELLER037,507,4.4,3649
PROD01780,Brand_C,SELLER068,407,3.6,184
PROD00500,Brand_E,SELLER009,864,4.7,2327
PROD01223,Brand_C,SELLER060,341,4.5,1518
PROD03182,Brand_H,SELLER059,126,4.9,1585
PROD04579,Brand_C,SELLER065,986,4.2,4669
PROD04523,Brand_H,SELLER073,999,3.7,4083
PROD02564,Brand_E,SELLER037,418,4.3,1098
PROD02109,Brand_G,SELLER072,625,4.3,735
PROD00398,Brand_F,SELLER045,569,4.1,1799
PROD04360,Brand_D,SELLER007,361,2.6,259
PROD04313,Brand_D,SELLER054,577,4.1,1307
PROD00260,Brand_A,SELLER046,570,4.0,678
PROD04327,Brand_D,SELLER084,407,4.1,1887
PROD00129,Brand_B,SELLER093,387,2.8,3471
PROD00643,Brand_H,SELLER074,316,2.8,1392
PROD04020,Brand_A,SELLER091,23,4.4,2957
PROD03113,Brand_H,SELLER036,960,4.5,2305
PROD03531,Brand_E,SELLER022,58,2.8,3467
PROD03390,Brand_A,SELLER091,502,4.5,2404
PROD02261,Brand_G,SELLER014,218,2.6,3943
PROD04023,Brand_F,SELLER017,367,4.1,1530
PROD01718,Brand_B,SELLER034,811,4.5,2475
PROD00606,Brand_E,SELLER028,764,3.6,3930
PROD04614,Brand_E,SELLER074,77,4.5,4914
PROD04100,Brand_E,SELLER062,248,3.1,4538
PROD02854,Brand_D,SELLER003,772,4.6,4377
PROD04228,Brand_A,SELLER079,287,3.1,4356
PROD01617,Brand_D,SELLER033,736,5.0,261
PROD03749,Brand_E,SELLER078,149,4.3,4930
PROD01098,Brand_G,SELLER023,682,4.8,3535
PROD01420,Brand_B,SELLER082,964,4.4,599
PROD03352,Brand_B,SELLER073,696,2.7,2635
PROD04634,Brand_G,SELLER064,477,4.7,678
PROD02439,Brand_E,SELLER085,30,3.5,1812
PROD03508,Brand_C,SELLER047,729,4.3,3730
PROD04215,Brand_G,SELLER014,544,3.2,702
PROD02028,Brand_F,SELLER022,361,3.8,585
PROD03999,Brand_B,SELLER094,129,3.7,1035
PROD02324,Brand_F,SELLER059,434,3.6,4508
PROD01658,Brand_F,SELLER078,607,3.7,3528
PROD03517,Brand_C,SELLER094,521,4.0,2242
PROD01083,Brand_E,SELLER016,171,4.8,2692
PROD05000,Brand_A,SELLER081,397,3.6,4405
PROD02880,Brand_H,SELLER044,435,3.1,4166
PROD04972,Brand_C,SELLER029,605,4.2,832
PROD04657,Brand_E,SELLER054,286,3.5,2229
PROD04105,Brand_C,SELLER074,486,4.6,201
PROD02541,Brand_A,SELLER053,812,3.3,2895
PROD01125,Brand_H,SELLER083,795,3.8,1269
PROD00524,Brand_B,SELLER030,114,4.4,1837
PROD03410,Brand_A,SELLER001,599,2.7,1452
PROD02546,Brand_H,SELLER016,511,3.1,3200
PROD01234,Brand_D,SELLER013,434,3.3,2476
PROD04341,Brand_A,SELLER079,530,4.3,1465
PROD04141,Brand_D,SELLER013,811,3.9,1907
PROD01914,Brand_F,SELLER063,730,2.7,839
PROD03796,Brand_A,SELLER055,881,4.0,2445
PROD03282,Brand_C,SELLER027,262,3.9,4443
PROD03777,Brand_C,SELLER030,869,3.3,3458
PROD01218,Brand_G,SELLER056,921,3.6,1276
PROD03134,Brand_F,SELLER050,829,4.5,2817
PROD00480,Brand_D,SELLER049,508,4.2,3409
PROD01443,Brand_H,SELLER030,385,2.8,2081
PROD00461,Brand_F,SELLER072,901,3.6,554
PROD00488,Brand_E,SELLER030,453,4.3,4834
PROD01291,Brand_B,SELLER085,616,4.9,730
PROD00015,Brand_F,SELLER089,679,3.7,4727
PROD00638,Brand_A,SELLER032,699,4.1,733
PROD03590,Brand_F,SELLER067,515,2.9,3802
PROD00274,Brand_B,SELLER009,811,3.2,695
PROD00254,Brand_F,SELLER014,221,4.5,95
PROD01946,Brand_B,SELLER036,40,3.3,3711
PROD01696,Brand_E,SELLER057,396,4.5,1024
PROD01515,Brand_C,SELLER039,743,2.5,2729
PROD00703,Brand_F,SELLER009,630,4.5,316
PROD00285,Brand_D,SELLER095,509,2.8,1788
PROD01655,Brand_C,SELLER030,36,3.8,4971
PROD04814,Brand_C,SELLER029,408,3.8,3292
PROD02817,Brand_D,SELLER076,749,3.9,1235
PROD01947,Brand_E,SELLER073,204,3.0,4741
PROD02629,Brand_A,SELLER011,588,3.8,4102
PROD03305,Brand_H,SELLER011,983,2.9,3277
PROD04138,Brand_E,SELLER008,519,4.3,498
PROD02336,Brand_A,SELLER024,96,4.7,4466
PROD01419,Brand_C,SELLER100,822,3.7,3820
PROD03254,Brand_H,SELLER047,511,4.5,4622
PROD01544,Brand_G,SELLER095,196,4.3,4904
PROD04777,Brand_B,SELLER098,354,4.0,4682
PROD04580,Brand_E,SELLER094,880,4.8,1164
PROD03800,Brand_D,SELLER093,927,4.6,3432
PROD01126,Brand_B,SELLER078,169,3.4,3068
PROD02568,Brand_A,SELLER083,101,4.6,2365
PROD03141,Brand_A,SELLER086,869,2.9,2969
PROD03143,Brand_A,SELLER014,401,3.7,3682
PROD04381,Brand_H,SELLER034,449,2.6,910
PROD00077,Brand_B,SELLER073,904,3.0,1052
PROD01637,Brand_G,SELLER049,891,4.6,2163
PROD00730,Brand_H,SELLER025,656,3.8,520
PROD03804,Brand_D,SELLER060,400,5.0,2927
PROD02693,Brand_E,SELLER093,594,2.8,2269
PROD00927,Brand_H,SELLER067,234,4.7,1060
PROD01071,Brand_C,SELLER029,953,4.6,3960
PROD03546,Brand_H,SELLER002,170,3.3,593
PROD02627,Brand_E,SELLER065,444,2.5,761
PROD00146,Brand_B,SELLER099,762,4.5,2050
PROD01827,Brand_E,SELLER071,510,3.9,247
PROD02392,Brand_C,SELLER073,730,2.6,4023
PROD01767,Brand_G,SELLER080,570,3.0,3827
PROD02809,Brand_B,SELLER085,147,4.6,421
PROD02381,Brand_E,SELLER011,99,3.0,803
PROD01191,Brand_B,SELLER066,883,4.1,4563
PROD00840,Brand_B,SELLER054,109,3.1,4743
PROD02059,Brand_A,SELLER063,375,4.7,497
PROD02287,Brand_E,SELLER076,119,3.2,4969
PROD02468,Brand_E,SELLER069,428,3.5,731
PROD00754,Brand_H,SELLER025,787,3.7,4027
PROD03651,Brand_E,SELLER008,429,3.0,152
PROD00852,Brand_B,SELLER097,319,2.6,3466
PROD03179,Brand_A,SELLER082,462,3.6,596
PROD00870,Brand_C,SELLER068,347,3.9,673
PROD04471,Brand_F,SELLER085,522,3.2,4678
PROD02054,Brand_F,SELLER094,814,4.0,4874
PROD02505,Brand_E,SELLER012,708,2.8,1532
PROD03649,Brand_D,SELLER051,795,3.1,163
PROD00618,Brand_H,SELLER013,264,4.5,987
PROD02384,Brand_A,SELLER011,245,3.4,3433
PROD04640,Brand_E,SELLER085,351,3.1,1375
PROD03725,Brand_G,SELLER001,921,3.3,2486
PROD04233,Brand_C,SELLER077,750,2.8,2451
PROD04216,Brand_B,SELLER011,57,3.8,884
PROD04840,Brand_F,SELLER085,640,3.0,895
PROD01490,Brand_F,SELLER098,771,3.9,4008
PROD04961,Brand_D,SELLER002,120,3.0,4988
PROD00059,Brand_C,SELLER048,506,3.5,534
PROD02141,Brand_B,SELLER051,37,3.5,649
PROD02821,Brand_E,SELLER059,693,3.2,1184
PROD00747,Brand_E,SELLER080,424,4.1,2762
PROD00003,Brand_D,SELLER052,515,3.8,1960
PROD04581,Brand_C,SELLER041,163,4.2,3862
PROD04122,Brand_F,SELLER078,402,4.0,3564
PROD04808,Brand_H,SELLER010,397,3.6,4425
PROD00762,Brand_B,SELLER016,152,2.9,4956
PROD00347,Brand_D,SELLER021,963,2.8,54
PROD03919,Brand_B,SELLER079,695,2.7,3931
PROD03109,Brand_A,SELLER043,335,4.6,868
PROD03050,Brand_C,SELLER094,841,4.9,1045
PROD03121,Brand_D,SELLER021,5,4.6,3470
PROD03264,Brand_D,SELLER052,980,4.6,674
PROD00994,Brand_H,SELLER067,708,5.0,1678
PROD01373,Brand_F,SELLER074,213,2.6,3119
PROD03240,Brand_A,SELLER019,244,3.5,3754
PROD01726,Brand_H,SELLER037,591,4.8,4083
PROD02535,Brand_C,SELLER090,194,3.1,2014
PROD01107,Brand_C,SELLER060,280,4.7,2559
PROD03377,Brand_B,SELLER023,606,3.5,2341
PROD02400,Brand_H,SELLER064,70,5.0,4820
PROD01963,Brand_F,SELLER069,149,4.0,1814
PROD02230,Brand_H,SELLER076,395,2.9,2375
PROD03592,Brand_E,SELLER045,787,3.4,223
PROD00460,Brand_E,SELLER040,319,4.8,1698
PROD03153,Brand_E,SELLER100,152,2.5,3558
PROD00346,Brand_H,SELLER075,343,4.1,1438
PROD01372,Brand_B,SELLER001,66,4.7,2241
PROD02773,Brand_E,SELLER026,141,2.9,1495
PROD00175,Brand_A,SELLER033,234,4.9,3605
PROD02256,Brand_C,SELLER037,937,3.5,4447
PROD02983,Brand_H,SELLER039,901,3.6,627
PROD00905,Brand_D,SELLER063,965,2.8,3865
PROD00403,Brand_G,SELLER020,435,3.9,214
PROD02178,Brand_G,SELLER096,508,4.0,4839
PROD00865,Brand_E,SELLER040,136,3.1,644
PROD04507,Brand_B,SELLER100,238,4.3,1118
PROD02082,Brand_E,SELLER002,860,4.4,2335
PROD01760,Brand_C,SELLER096,120,3.3,2795
PROD00753,Brand_B,SELLER065,0,3.6,3298
PROD04296,Brand_D,SELLER014,577,2.8,3095
PROD03231,Brand_G,SELLER015,176,3.8,3709
PROD03940,Brand_H,SELLER055,558,4.5,1210
PROD03470,Brand_B,SELLER011,632,4.2,257
PROD01636,Brand_A,SELLER100,842,3.6,3604
PROD00187,Brand_A,SELLER045,527,3.8,3116
PROD02327,Brand_E,SELLER083,623,4.4,1789
PROD01894,Brand_A,SELLER077,643,4.9,1106
PROD02498,Brand_D,SELLER026,21,3.4,3851
PROD04547,Brand_F,SELLER055,192,3.8,3197
PROD02698,Brand_G,SELLER010,717,3.5,4186
PROD04367,Brand_G,SELLER035,643,3.2,246
PROD01245,Brand_C,SELLER080,632,3.9,430
PROD03905,Brand_F,SELLER062,934,4.6,2998
PROD01662,Brand_C,SELLER021,71,3.3,3862
PROD03229,Brand_G,SELLER045,885,3.1,3193
PROD04229,Brand_E,SELLER045,559,4.3,3020
PROD04236,Brand_H,SELLER007,376,3.8,219
PROD02049,Brand_C,SELLER052,152,4.7,2562
PROD00360,Brand_E,SELLER094,791,4.0,2089
PROD00029,Brand_H,SELLER050,581,4.7,696
PROD00651,Brand_H,SELLER008,753,3.9,4537
PROD00893,Brand_E,SELLER039,670,4.6,1651
PROD03501,Brand_C,SELLER025,261,3.8,1836
PROD00896,Brand_D,SELLER042,16,4.8,3151
PROD04993,Brand_G,SELLER092,283,4.2,2459
PROD02865,Brand_G,SELLER080,592,2.6,4299
PROD02731,Brand_F,SELLER094,185,3.6,3685
PROD03774,Brand_A,SELLER085,495,2.6,4703
PROD01707,Brand_B,SELLER085,692,3.9,3745
PROD02526,Brand_H,SELLER014,315,2.7,648
PROD03066,Brand_A,SELLER099,138,3.3,2294
PROD01174,Brand_B,SELLER070,685,3.0,3735
PROD00378,Brand_E,SELLER031,569,4.6,4936
PROD02242,Brand_H,SELLER044,112,3.8,4362
PROD00584,Brand_A,SELLER080,522,3.1,2904
PROD04884,Brand_A,SELLER088,907,4.4,3997
PROD02543,Brand_E,SELLER035,690,3.3,846
PROD02661,Brand_D,SELLER046,676,4.5,4311
PROD02670,Brand_F,SELLER020,365,4.4,448
PROD04842,Brand_A,SELLER042,364,4.1,1992
PROD03648,Brand_E,SELLER049,10,3.8,1012
PROD03711,Brand_H,SELLER090,505,3.4,491
PROD01045,Brand_F,SELLER035,873,4.4,4596
PROD03327,Brand_G,SELLER066,10,4.3,103
PROD03152,Brand_D,SELLER003,217,4.4,3599
PROD03959,Brand_G,SELLER090,252,3.0,1950
PROD02815,Brand_F,SELLER051,836,3.6,1595
PROD04896,Brand_H,SELLER038,113,2.6,1431
PROD02277,Brand_D,SELLER083,356,2.6,2452
PROD03973,Brand_D,SELLER039,225,2.9,644
PROD01728,Brand_G,SELLER096,672,3.4,2789
PROD03888,Brand_C,SELLER078,466,4.4,2859
PROD02745,Brand_E,SELLER027,206,4.1,1050
PROD00070,Brand_D,SELLER096,844,3.2,3958
PROD01777,Brand_H,SELLER083,826,4.3,3269
PROD00621,Brand_F,SELLER043,242,4.4,1400
PROD01458,Brand_H,SELLER039,442,2.6,1799
PROD00847,Brand_A,SELLER037,298,4.8,1690
PROD03206,Brand_D,SELLER092,510,3.4,4767
PROD02732,Brand_H,SELLER043,326,3.3,4150
PROD02449,Brand_C,SELLER051,897,3.6,2988
PROD00517,Brand_H,SELLER027,368,2.6,4689
PROD04747,Brand_A,SELLER040,752,3.4,4234
PROD00410,Brand_H,SELLER020,729,3.5,4423
PROD02657,Brand_G,SELLER017,20,5.0,2385
PROD03031,Brand_A,SELLER061,812,3.6,2152
PROD00731,Brand_H,SELLER017,685,3.1,860
PROD00309,Brand_A,SELLER019,900,3.4,1138
PROD03803,Brand_A,SELLER085,497,2.6,3386
PROD03644,Brand_C,SELLER051,718,3.4,3462
PROD03859,Brand_C,SELLER063,294,2.8,730
PROD01043,Brand_B,SELLER009,883,3.6,1969
PROD00709,Brand_B,SELLER025,249,4.3,1436
PROD04700,Brand_A,SELLER060,20,4.8,3302
PROD00681,Brand_A,SELLER013,452,2.9,2300
PROD04673,Brand_F,SELLER097,352,3.5,3924
PROD04350,Brand_E,SELLER067,428,4.2,3735
PROD02995,Brand_H,SELLER026,761,4.6,2372
PROD01847,Brand_H,SELLER084,482,4.4,4206
PROD03703,Brand_A,SELLER012,559,4.4,643
PROD01213,Brand_D,SELLER012,466,3.6,1198
PROD00181,Brand_D,SELLER075,601,2.7,4184
PROD01081,Brand_C,SELLER053,576,4.8,3672
PROD00036,Brand_C,SELLER029,298,3.5,323
PROD04514,Brand_A,SELLER037,25,4.8,158
PROD00685,Brand_C,SELLER019,918,3.7,3384
PROD03504,Brand_E,SELLER015,426,5.0,27
PROD03473,Brand_E,SELLER033,635,3.0,2405
PROD02240,Brand_D,SELLER035,0,3.5,1007
PROD01840,Brand_B,SELLER024,336,3.8,2589
PROD04040,Brand_C,SELLER052,877,3.6,590
PROD02127,Brand_G,SELLER093,407,3.4,280
PROD04339,Brand_B,SELLER053,114,2.7,2008
PROD01178,Brand_E,SELLER053,862,3.8,2921
PROD04577,Brand_G,SELLER073,259,4.4,2690
PROD03621,Brand_A,SELLER054,100,3.6,1928
PROD00916,Brand_C,SELLER053,293,4.8,4347
PROD00085,Brand_D,SELLER028,976,4.1,204
PROD01982,Brand_E,SELLER088,175,4.9,939
PROD01013,Brand_F,SELLER007,275,4.9,109
PROD04919,Brand_F,SELLER080,689,3.9,225
PROD04028,Brand_B,SELLER088,1000,2.8,4523
PROD01641,Brand_B,SELLER086,679,3.6,2025
PROD03314,Brand_E,SELLER014,38,4.9,2901
PROD00559,Brand_G,SELLER048,606,3.5,4322
PROD04079,Brand_C,SELLER062,162,4.6,2522
PROD00295,Brand_H,SELLER030,126,3.2,1460
PROD01281,Brand_E,SELLER045,599,3.8,104
PROD02858,Brand_A,SELLER076,791,4.2,3684
PROD02557,Brand_G,SELLER058,554,4.8,566
PROD03848,Brand_E,SELLER050,961,4.7,2979
PROD02782,Brand_G,SELLER093,832,2.8,3954
PROD01851,Brand_F,SELLER079,885,2.7,2270
PROD01640,Brand_E,SELLER098,239,3.0,1868
PROD03554,Brand_B,SELLER046,313,4.5,4567
PROD02187,Brand_E,SELLER037,566,4.4,1111
PROD03458,Brand_G,SELLER100,678,4.5,4808
PROD02572,Brand_E,SELLER005,318,3.8,4104
PROD04914,Brand_B,SELLER097,143,4.9,3112
PROD03346,Brand_C,SELLER042,648,2.9,650
PROD02525,Brand_B,SELLER011,415,4.6,2982
PROD02094,Brand_B,SELLER074,532,3.8,1344
PROD03860,Brand_E,SELLER003,949,3.7,1021
PROD00427,Brand_A,SELLER039,101,2.7,1510
PROD03362,Brand_A,SELLER067,251,4.6,2456
PROD01491,Brand_A,SELLER018,168,3.8,3057
PROD03514,Brand_C,SELLER096,759,3.3,3190
PROD01665,Brand_H,SELLER097,548,3.1,1999
PROD01196,Brand_B,SELLER050,312,3.2,4163
PROD01739,Brand_A,SELLER097,829,4.6,4598
PROD04346,Brand_D,SELLER075,361,4.3,3918
PROD02161,Brand_H,SELLER030,378,3.3,1600
PROD03827,Brand_G,SELLER006,313,4.4,2232
PROD01480,Brand_F,SELLER067,903,2.5,2214
PROD01000,Brand_H,SELLER037,92,3.7,598
PROD03712,Brand_F,SELLER034,674,2.5,4097
PROD01459,Brand_C,SELLER094,895,4.0,601
PROD03542,Brand_F,SELLER040,692,4.8,2628
PROD03017,Brand_H,SELLER063,430,4.4,2307
PROD02382,Brand_G,SELLER099,450,3.3,360
PROD00882,Brand_F,SELLER046,44,4.9,4416
PROD01471,Brand_C,SELLER023,971,2.6,982
PROD00641,Brand_G,SELLER003,545,3.5,3654
PROD04931,Brand_D,SELLER009,828,3.3,2681
PROD01190,Brand_D,SELLER095,151,4.8,2279
PROD03983,Brand_A,SELLER072,808,4.0,1724
PROD03673,Brand_E,SELLER091,660,5.0,4710
PROD01075,Brand_B,SELLER081,108,4.6,3332
PROD00827,Brand_F,SELLER018,684,4.7,2966
PROD04125,Brand_B,SELLER091,441,4.1,107
PROD02192,Brand_G,SELLER079,198,3.1,539
PROD00968,Brand_G,SELLER083,188,4.4,760
PROD01008,Brand_C,SELLER041,763,3.0,4756
PROD01242,Brand_D,SELLER094,61,3.7,2203
PROD04239,Brand_F,SELLER020,355,3.1,3367
PROD04536,Brand_C,SELLER038,748,3.8,2671
PROD00192,Brand_A,SELLER032,931,3.4,4781
PROD01022,Brand_F,SELLER050,59,3.4,3150
PROD01147,Brand_D,SELLER046,659,4.4,280
PROD00672,Brand_G,SELLER086,31,4.2,2091
PROD03469,Brand_B,SELLER096,54,4.7,3200
PROD00268,Brand_G,SELLER037,626,4.5,62
PROD02485,Brand_E,SELLER075,69,2.6,624
PROD00554,Brand_H,SELLER091,408,3.4,657
PROD01221,Brand_A,SELLER051,346,3.9,2108
PROD01357,Brand_F,SELLER040,7,2.9,4693
PROD00156,Brand_B,SELLER093,325,3.6,1851
PROD00198,Brand_E,SELLER059,859,4.3,99
PROD01387,Brand_C,SELLER081,2,3.3,4772
PROD00425,Brand_H,SELLER090,299,4.0,2370
PROD00237,Brand_H,SELLER087,391,3.6,2675
PROD01378,Brand_A,SELLER047,203,3.9,907
PROD04898,Brand_F,SELLER046,999,3.6,1667
PROD04559,Brand_C,SELLER085,732,3.7,2010
PROD04912,Brand_E,SELLER034,166,3.2,1623
PROD03647,Brand_B,SELLER029,900,4.3,4524
PROD02932,Brand_H,SELLER010,618,3.9,3283
PROD04663,Brand_A,SELLER062,311,2.7,3105
PROD00190,Brand_H,SELLER046,182,4.5,3105
PROD04060,Brand_G,SELLER018,889,3.4,2908
PROD00610,Brand_G,SELLER037,197,4.4,4708
PROD03880,Brand_D,SELLER032,376,3.2,1353
PROD02567,Brand_A,SELLER066,863,3.4,2293
PROD03291,Brand_G,SELLER038,431,4.6,2933
PROD04816,Brand_B,SELLER029,530,3.4,2464
PROD00362,Brand_D,SELLER078,447,4.9,2296
PROD04155,Brand_A,SELLER002,771,3.7,4661
PROD01747,Brand_B,SELLER064,431,4.8,1937
PROD01593,Brand_E,SELLER099,195,3.3,4886
PROD04812,Brand_A,SELLER075,567,2.7,2445
PROD03856,Brand_F,SELLER068,28,3.7,4452
PROD04054,Brand_G,SELLER080,49,2.8,3351
PROD03065,Brand_D,SELLER048,544,3.0,2512
PROD03544,Brand_D,SELLER061,260,3.4,3498
PROD02265,Brand_H,SELLER051,491,3.3,3043
PROD04450,Brand_F,SELLER039,964,4.5,530
PROD01720,Brand_G,SELLER014,356,5.0,4550
PROD03687,Brand_F,SELLER067,180,3.6,656
PROD02455,Brand_B,SELLER086,56,4.3,4039
PROD00890,Brand_F,SELLER094,407,4.1,289
PROD01687,Brand_C,SELLER048,167,4.5,2636
PROD03187,Brand_A,SELLER010,842,5.0,259
PROD01169,Brand_A,SELLER041,69,4.3,262
PROD03204,Brand_H,SELLER018,712,3.7,237
PROD02243,Brand_A,SELLER062,669,3.2,202
PROD01351,Brand_G,SELLER034,336,3.2,2859
PROD01119,Brand_E,SELLER056,736,3.4,4768
PROD04973,Brand_G,SELLER049,207,3.8,2458
PROD00283,Brand_G,SELLER077,910,4.3,548
PROD00039,Brand_E,SELLER086,961,2.7,953
PROD01376,Brand_C,SELLER063,784,4.5,1341
PROD02922,Brand_C,SELLER067,863,4.9,3327
PROD03368,Brand_H,SELLER051,142,3.5,183
PROD02746,Brand_C,SELLER097,850,2.9,4853
PROD03069,Brand_A,SELLER037,958,2.6,1134
PROD04267,Brand_C,SELLER040,104,4.0,2779
PROD04272,Brand_G,SELLER054,826,3.2,1102
PROD00656,Brand_G,SELLER044,272,3.0,4142
PROD03502,Brand_G,SELLER007,228,2.9,2754
PROD03845,Brand_A,SELLER064,523,4.2,3296
PROD03157,Brand_G,SELLER057,253,2.7,1231
PROD04933,Brand_F,SELLER068,932,4.2,3197
PROD02072,Brand_D,SELLER083,49,4.0,3794
PROD03261,Brand_E,SELLER020,831,3.7,1592
PROD00895,Brand_F,SELLER086,30,2.5,1826
PROD00078,Brand_E,SELLER018,984,4.7,2967
PROD02758,Brand_A,SELLER078,577,2.7,3812
PROD01138,Brand_H,SELLER046,68,3.0,404
PROD02951,Brand_A,SELLER005,235,4.9,4933
PROD02408,Brand_C,SELLER035,30,2.8,3774
PROD01994,Brand_E,SELLER047,235,3.8,1792
PROD01009,Brand_F,SELLER030,590,2.9,3269
PROD00948,Brand_C,SELLER095,545,4.3,2710
PROD04388,Brand_C,SELLER001,791,3.5,2954
PROD02432,Brand_B,SELLER020,67,4.1,287
PROD03086,Brand_A,SELLER007,592,4.4,3877
PROD00177,Brand_D,SELLER001,428,3.4,611
PROD02650,Brand_A,SELLER019,237,4.2,3213
PROD00075,Brand_B,SELLER076,7,4.1,4792
PROD02255,Brand_B,SELLER091,505,3.6,4214
PROD04857,Brand_G,SELLER072,675,3.6,1610
PROD00720,Brand_C,SELLER027,697,5.0,686
PROD01146,Brand_C,SELLER020,121,2.6,4494
PROD01100,Brand_F,SELLER039,145,3.7,4950
PROD02083,Brand_G,SELLER099,639,4.8,642
PROD02592,Brand_G,SELLER091,263,2.9,4696
PROD01199,Brand_B,SELLER050,881,4.0,4261
PROD00783,Brand_D,SELLER019,258,2.5,1419
PROD02123,Brand_G,SELLER066,885,2.8,3329
PROD02900,Brand_D,SELLER088,707,3.2,712
PROD01967,Brand_A,SELLER010,138,4.3,1002
PROD04362,Brand_C,SELLER044,473,3.9,4386
PROD04289,Brand_H,SELLER019,740,3.4,1519
PROD02047,Brand_G,SELLER012,180,4.2,4741
PROD00472,Brand_D,SELLER089,287,4.0,3154
PROD00695,Brand_B,SELLER003,103,3.0,4320
PROD03509,Brand_B,SELLER041,290,3.8,1994
PROD00330,Brand_F,SELLER001,892,3.6,1460
PROD02662,Brand_F,SELLER016,633,3.8,2198
PROD01938,Brand_A,SELLER002,550,4.7,642
PROD00943,Brand_G,SELLER067,617,2.5,1490
PROD03288,Brand_B,SELLER061,151,4.7,1441
PROD01817,Brand_H,SELLER058,120,3.5,443
PROD01489,Brand_H,SELLER068,457,4.6,899
PROD02494,Brand_G,SELLER076,987,4.9,2257
PROD00715,Brand_H,SELLER038,233,4.0,4369
PROD03956,Brand_C,SELLER069,382,4.4,833
PROD04207,Brand_H,SELLER074,189,3.9,163
PROD04201,Brand_A,SELLER066,70,4.5,3216
PROD01214,Brand_D,SELLER034,463,4.0,3659
PROD02659,Brand_D,SELLER005,330,3.7,2902
PROD04765,Brand_G,SELLER095,743,4.4,3868
PROD01548,Brand_F,SELLER088,118,4.1,3866
PROD03298,Brand_D,SELLER050,170,3.0,1976
PROD04913,Brand_E,SELLER035,683,3.1,4500
PROD01998,Brand_E,SELLER085,690,3.4,1429
PROD03158,Brand_E,SELLER059,430,4.0,4230
PROD00970,Brand_H,SELLER097,91,2.8,2084
PROD03943,Brand_D,SELLER063,27,4.9,3554
PROD03456,Brand_B,SELLER045,938,4.8,2543
PROD02957,Brand_H,SELLER072,134,4.9,3368
PROD03480,Brand_A,SELLER005,55,4.1,4562
PROD01227,Brand_A,SELLER002,408,3.5,2806
PROD04123,Brand_B,SELLER074,801,3.7,2885
PROD04273,Brand_F,SELLER053,355,4.8,1817
PROD03117,Brand_B,SELLER064,765,4.2,77
PROD00536,Brand_A,SELLER027,164,5.0,1923
PROD02529,Brand_B,SELLER031,574,2.5,289
PROD00828,Brand_C,SELLER094,819,2.8,4958
PROD01154,Brand_A,SELLER031,980,4.5,2917
PROD00325,Brand_D,SELLER026,313,3.9,3840
PROD00468,Brand_F,SELLER096,89,2.8,3006
PROD00766,Brand_E,SELLER042,959,2.8,2184
PROD02600,Brand_E,SELLER058,535,4.2,1036
PROD00257,Brand_H,SELLER076,659,4.0,1843
PROD02244,Brand_F,SELLER050,400,2.9,4052
PROD00031,Brand_A,SELLER003,535,4.6,4441
PROD04726,Brand_H,SELLER025,898,3.8,3966
PROD02752,Brand_C,SELLER035,377,5.0,4989
PROD00718,Brand_F,SELLER027,458,4.0,4320
PROD01736,Brand_G,SELLER013,47,3.4,1989
PROD01835,Brand_D,SELLER100,633,2.8,1814
PROD04915,Brand_B,SELLER091,776,3.9,346
PROD04238,Brand_B,SELLER023,754,2.8,2359
PROD00765,Brand_G,SELLER002,559,4.8,1490
PROD01006,Brand_C,SELLER038,890,3.7,3596
PROD03986,Brand_A,SELLER079,11,2.9,2553
PROD00961,Brand_B,SELLER028,371,3.6,3548
PROD00941,Brand_D,SELLER075,607,4.4,4062
PROD03997,Brand_D,SELLER045,797,4.9,3168
PROD03682,Brand_F,SELLER003,365,4.7,3840
PROD00596,Brand_G,SELLER032,921,4.9,1410
PROD03159,Brand_D,SELLER046,934,3.1,4811
PROD01624,Brand_C,SELLER095,240,2.8,40
PROD04717,Brand_F,SELLER078,384,4.7,3757
PROD02833,Brand_G,SELLER076,756,4.2,4973
PROD00086,Brand_B,SELLER043,565,3.2,2510
PROD00908,Brand_F,SELLER033,664,3.6,822
PROD04786,Brand_D,SELLER001,425,3.4,240
PROD00679,Brand_G,SELLER092,271,4.6,1570
PROD01710,Brand_B,SELLER007,343,3.9,37
PROD03776,Brand_G,SELLER044,385,3.9,4990
PROD03530,Brand_F,SELLER051,95,4.4,94
PROD03315,Brand_D,SELLER070,722,4.0,1000
PROD01517,Brand_C,SELLER072,962,3.6,352
PROD03506,Brand_H,SELLER092,856,3.7,4762
PROD04648,Brand_D,SELLER064,550,2.5,1105
PROD02002,Brand_A,SELLER081,385,4.1,1761
PROD02714,Brand_G,SELLER012,441,4.5,928
PROD04088,Brand_G,SELLER072,288,4.7,1854
PROD02319,Brand_F,SELLER030,131,4.5,3168
PROD04594,Brand_D,SELLER075,498,2.6,1796
PROD00804,Brand_B,SELLER088,922,3.3,2291
PROD01635,Brand_C,SELLER010,836,4.1,1561
PROD03837,Brand_A,SELLER083,241,4.5,1284
PROD01988,Brand_E,SELLER002,882,2.7,1324
PROD02214,Brand_B,SELLER050,532,5.0,794
PROD04605,Brand_D,SELLER032,714,5.0,726
PROD01254,Brand_E,SELLER026,210,3.9,2600
PROD01508,Brand_H,SELLER072,765,2.5,4137
PROD02372,Brand_F,SELLER046,451,3.5,2807
PROD00091,Brand_C,SELLER048,929,4.2,3026
PROD04789,Brand_E,SELLER037,443,3.0,3139
PROD01939,Brand_D,SELLER036,134,4.2,2166
PROD00199,Brand_A,SELLER031,498,4.0,3899
PROD04086,Brand_F,SELLER086,667,4.8,2132
PROD02360,Brand_C,SELLER038,374,4.5,1667
PROD02138,Brand_D,SELLER019,531,2.6,3319
PROD01061,Brand_H,SELLER020,407,3.4,1214
PROD04377,Brand_F,SELLER090,253,4.4,1978
PROD00967,Brand_F,SELLER066,890,3.8,498
PROD00466,Brand_A,SELLER052,28,3.6,3994
PROD00630,Brand_C,SELLER019,229,4.7,307
PROD00294,Brand_H,SELLER068,770,3.8,1528
PROD03146,Brand_H,SELLER069,655,2.7,2091
PROD00213,Brand_D,SELLER030,988,2.7,583
PROD03798,Brand_B,SELLER032,744,3.8,576
PROD02048,Brand_A,SELLER060,719,3.4,2902
PROD03636,Brand_E,SELLER018,580,4.9,2989
PROD00525,Brand_F,SELLER060,642,2.9,1713
PROD04751,Brand_C,SELLER015,262,3.3,1028
PROD00635,Brand_A,SELLER002,482,4.5,2620
PROD01761,Brand_C,SELLER070,518,3.5,536
PROD00422,Brand_E,SELLER014,324,4.9,1169
PROD01892,Brand_G,SELLER085,988,4.9,2193
PROD01883,Brand_E,SELLER029,385,2.6,524
PROD00197,Brand_B,SELLER092,962,3.1,2823
PROD04846,Brand_A,SELLER098,812,5.0,4829
PROD01248,Brand_E,SELLER099,149,3.7,2407
PROD00396,Brand_A,SELLER076,314,4.2,338
PROD00815,Brand_C,SELLER047,627,4.7,2516
PROD01156,Brand_G,SELLER008,454,4.6,2214
PROD04268,Brand_G,SELLER052,494,4.5,1398
PROD01823,Brand_B,SELLER063,984,3.3,1036
PROD01560,Brand_F,SELLER096,849,2.6,4457
PROD01533,Brand_B,SELLER099,212,3.0,4985
PROD02156,Brand_E,SELLER051,213,3.4,24
PROD02613,Brand_F,SELLER005,724,3.4,4669
PROD02648,Brand_G,SELLER035,829,2.9,2780
PROD02528,Brand_B,SELLER035,647,4.4,809
PROD02890,Brand_B,SELLER063,369,2.7,1590
PROD03387,Brand_C,SELLER091,366,3.4,2593
PROD02026,Brand_B,SELLER070,736,2.6,1991
PROD04438,Brand_B,SELLER064,987,4.8,2723
PROD00817,Brand_E,SELLER081,255,2.6,4849
PROD03225,Brand_A,SELLER040,390,2.8,4127
PROD00686,Brand_F,SELLER045,651,3.8,1225
PROD02065,Brand_A,SELLER059,453,3.3,745
PROD02637,Brand_H,SELLER002,35,4.7,4415
PROD00320,Brand_A,SELLER095,404,3.4,3277
PROD03045,Brand_G,SELLER009,520,3.9,1018
PROD01346,Brand_G,SELLER054,505,4.1,694
PROD02712,Brand_F,SELLER044,401,2.7,577
PROD03304,Brand_G,SELLER034,350,4.6,2067
PROD03879,Brand_C,SELLER042,829,4.9,760
PROD03485,Brand_H,SELLER021,686,3.4,1694
PROD01753,Brand_E,SELLER065,850,4.1,2217
PROD03819,Brand_E,SELLER055,77,3.1,4608
PROD02691,Brand_A,SELLER064,734,3.5,2312
PROD04688,Brand_D,SELLER025,773,2.5,970
PROD01079,Brand_D,SELLER067,821,2.7,3145
PROD02258,Brand_H,SELLER023,208,3.4,3133
PROD00708,Brand_B,SELLER094,607,4.7,2768
PROD03108,Brand_B,SELLER018,841,4.0,3729
PROD02168,Brand_A,SELLER087,773,3.5,1197
PROD01700,Brand_B,SELLER060,793,2.6,3181
PROD03096,Brand_D,SELLER063,247,2.7,3830
PROD03825,Brand_G,SELLER052,685,3.6,3015
PROD02768,Brand_C,SELLER007,514,3.9,1479
PROD04294,Brand_D,SELLER099,235,3.5,855
PROD00007,Brand_G,SELLER084,767,4.6,2275
PROD01306,Brand_F,SELLER071,739,4.4,2830
PROD02608,Brand_C,SELLER053,325,3.0,241
PROD01927,Brand_F,SELLER029,406,2.8,1265
PROD01474,Brand_B,SELLER075,585,2.6,2357
PROD02837,Brand_A,SELLER036,287,4.4,4816
PROD02482,Brand_B,SELLER038,487,3.3,655
PROD01232,Brand_E,SELLER002,447,3.2,1306
PROD03026,Brand_G,SELLER024,441,3.3,3159
PROD04353,Brand_G,SELLER001,253,2.5,3055
PROD02676,Brand_A,SELLER039,567,3.8,342
PROD03551,Brand_E,SELLER027,67,2.6,1043
PROD02268,Brand_G,SELLER072,681,3.6,214
PROD02607,Brand_G,SELLER078,68,4.1,2331
PROD04569,Brand_B,SELLER071,995,2.7,1514
PROD00265,Brand_B,SELLER079,692,2.5,4542
PROD02881,Brand_B,SELLER017,336,3.0,3438
PROD01732,Brand_E,SELLER072,345,4.9,84
PROD00866,Brand_H,SELLER089,70,3.0,4865
PROD00028,Brand_B,SELLER048,252,3.8,4259
PROD04124,Brand_H,SELLER096,150,3.8,1393
PROD01323,Brand_B,SELLER013,377,3.6,1618
PROD04942,Brand_F,SELLER058,485,3.8,1402
PROD00057,Brand_C,SELLER032,102,2.8,4311
PROD00490,Brand_C,SELLER043,959,4.5,3075
PROD02784,Brand_F,SELLER031,305,3.8,2085
PROD02806,Brand_B,SELLER057,142,2.9,1998
PROD03148,Brand_F,SELLER081,811,3.6,2251
PROD04810,Brand_C,SELLER096,278,4.2,4775
PROD02805,Brand_H,SELLER028,517,3.5,1931
PROD02979,Brand_B,SELLER047,109,4.3,603
PROD02008,Brand_E,SELLER082,959,4.0,2803
PROD01999,Brand_A,SELLER003,565,3.9,1386
PROD00819,Brand_F,SELLER063,928,3.9,491
PROD03336,Brand_G,SELLER026,967,2.8,1952
PROD02496,Brand_G,SELLER005,925,3.1,378
PROD04994,Brand_H,SELLER030,194,3.6,2031
PROD01874,Brand_F,SELLER002,897,3.8,2327
PROD00047,Brand_G,SELLER079,404,4.9,2628
PROD02415,Brand_E,SELLER003,876,4.3,4123
PROD01992,Brand_B,SELLER036,802,3.4,1707
PROD02808,Brand_D,SELLER017,110,4.8,310
PROD04703,Brand_B,SELLER028,741,2.7,1026
PROD00550,Brand_H,SELLER070,754,2.6,3043
PROD01247,Brand_A,SELLER070,781,3.9,4378
PROD01846,Brand_D,SELLER064,434,3.4,4032
PROD01689,Brand_B,SELLER085,48,3.7,861
PROD01338,Brand_D,SELLER080,667,3.1,2902
PROD02596,Brand_B,SELLER084,653,3.7,3603
PROD02906,Brand_D,SELLER084,609,4.6,4596
PROD00372,Brand_B,SELLER068,996,4.7,3763
PROD03399,Brand_G,SELLER063,29,4.5,318
PROD02173,Brand_G,SELLER023,451,2.9,3416
PROD04303,Brand_E,SELLER032,787,3.2,4653
PROD03608,Brand_D,SELLER056,882,4.5,1925
PROD01608,Brand_C,SELLER028,717,2.7,3043
PROD01513,Brand_F,SELLER024,174,3.8,180
PROD00281,Brand_D,SELLER070,844,3.4,4914
PROD01539,Brand_H,SELLER096,266,4.3,3516
PROD02794,Brand_C,SELLER033,677,2.9,2888
PROD00775,Brand_E,SELLER004,882,2.6,4145
PROD01597,Brand_G,SELLER049,822,2.7,2358
PROD04349,Brand_G,SELLER030,673,4.8,4757
PROD03194,Brand_D,SELLER071,577,3.4,2604
PROD01711,Brand_C,SELLER098,885,3.2,4296
PROD02037,Brand_D,SELLER079,88,4.2,4160
PROD00089,Brand_B,SELLER026,624,4.4,3863
PROD02093,Brand_B,SELLER079,868,4.3,315
PROD00862,Brand_H,SELLER036,384,4.9,1670
PROD01814,Brand_C,SELLER033,940,3.6,4423
PROD02955,Brand_H,SELLER083,722,4.0,2022
PROD00211,Brand_B,SELLER065,864,3.6,4578
PROD02038,Brand_C,SELLER046,81,2.7,4215
PROD01410,Brand_B,SELLER058,395,3.1,414
PROD01657,Brand_E,SELLER068,280,4.5,2125
PROD04587,Brand_A,SELLER055,516,4.3,2566
PROD00849,Brand_G,SELLER045,773,3.6,1778
PROD04249,Brand_A,SELLER044,700,4.3,4512
PROD04410,Brand_F,SELLER060,318,2.9,3948
PROD00436,Brand_F,SELLER045,59,3.7,3878
PROD02904,Brand_C,SELLER052,270,4.7,2501
PROD02708,Brand_E,SELLER027,814,3.6,4492
PROD01321,Brand_A,SELLER025,455,2.8,2483
PROD03124,Brand_C,SELLER037,507,4.1,3664
PROD01857,Brand_B,SELLER042,774,3.3,4815
PROD04335,Brand_D,SELLER100,890,3.6,409
PROD02829,Brand_G,SELLER062,845,4.9,2389
PROD02860,Brand_B,SELLER069,500,4.2,3891
PROD04543,Brand_E,SELLER001,780,3.7,8
PROD00746,Brand_C,SELLER069,907,2.9,4742
PROD03565,Brand_G,SELLER068,592,3.9,3068
PROD04322,Brand_C,SELLER073,693,4.9,58
PROD00430,Brand_E,SELLER064,345,3.6,4704
PROD01668,Brand_F,SELLER085,639,3.6,1417
PROD03046,Brand_D,SELLER067,695,2.7,4967
PROD03353,Brand_C,SELLER035,184,4.8,4519
PROD03680,Brand_A,SELLER003,787,5.0,1634
PROD03263,Brand_D,SELLER043,374,4.2,1786
PROD00293,Brand_C,SELLER088,759,2.9,109
PROD03622,Brand_D,SELLER048,713,2.7,3174
PROD00463,Brand_D,SELLER022,919,3.2,1623
PROD04562,Brand_A,SELLER035,546,4.0,890
PROD00049,Brand_D,SELLER035,58,5.0,4040
PROD03684,Brand_C,SELLER036,271,2.9,4386
PROD03183,Brand_E,SELLER052,495,4.1,2823
PROD03423,Brand_A,SELLER040,41,4.0,1134
PROD01565,Brand_H,SELLER084,802,3.9,2593
PROD02461,Brand_D,SELLER012,951,3.8,3791
PROD01412,Brand_D,SELLER017,720,3.6,2626
PROD03659,Brand_D,SELLER075,808,2.8,876
PROD04525,Brand_D,SELLER034,191,4.0,4280
PROD00164,Brand_A,SELLER030,564,4.6,2269
PROD01106,Brand_A,SELLER068,928,4.7,772
PROD00131,Brand_C,SELLER046,635,3.2,2192
PROD02512,Brand_D,SELLER077,693,2.6,2996
PROD04526,Brand_C,SELLER051,402,4.3,4734
PROD00877,Brand_A,SELLER028,23,3.9,287
PROD04774,Brand_B,SELLER072,783,3.6,2134
PROD01723,Brand_G,SELLER095,42,3.6,4362
PROD00502,Brand_B,SELLER053,953,2.7,4213
PROD01866,Brand_E,SELLER056,578,3.5,2451
PROD00530,Brand_F,SELLER076,170,4.0,3376
PROD03693,Brand_C,SELLER067,88,4.8,645
PROD03782,Brand_B,SELLER055,532,3.0,2284
PROD03273,Brand_H,SELLER040,417,3.0,416
PROD01297,Brand_B,SELLER032,773,2.7,2606
PROD02649,Brand_F,SELLER046,428,4.1,1785
PROD02545,Brand_B,SELLER011,112,3.3,2237
PROD03032,Brand_D,SELLER027,374,2.6,2292
PROD01876,Brand_D,SELLER068,696,5.0,3409
PROD00667,Brand_D,SELLER082,544,4.9,2389
PROD01830,Brand_H,SELLER054,790,4.9,1172
PROD02422,Brand_C,SELLER076,687,3.2,3109
PROD00209,Brand_C,SELLER044,93,2.5,4466
PROD04466,Brand_F,SELLER017,16,4.3,4867
PROD03922,Brand_D,SELLER021,582,3.4,3453
PROD04506,Brand_C,SELLER079,76,4.9,1874
PROD00061,Brand_G,SELLER092,537,4.4,310
PROD02338,Brand_H,SELLER095,802,4.7,2345
PROD04860,Brand_C,SELLER049,682,3.8,3443
PROD03184,Brand_H,SELLER036,814,3.0,4047
PROD03421,Brand_G,SELLER009,460,4.8,2708
PROD00923,Brand_A,SELLER039,357,4.8,918
PROD03543,Brand_F,SELLER010,202,4.3,1524
PROD00200,Brand_H,SELLER064,356,4.5,2312
PROD02348,Brand_C,SELLER044,156,4.3,0
PROD03292,Brand_D,SELLER072,874,4.6,4482
PROD00917,Brand_F,SELLER076,185,4.6,3910
PROD04493,Brand_H,SELLER009,64,2.7,4923
PROD00005,Brand_F,SELLER046,69,4.2,149
PROD02812,Brand_B,SELLER033,753,3.3,1900
PROD00255,Brand_F,SELLER096,769,3.8,1
PROD03891,Brand_E,SELLER019,917,4.6,3167
PROD03697,Brand_B,SELLER006,377,3.0,1572
PROD03180,Brand_E,SELLER100,136,3.4,1475
PROD01269,Brand_B,SELLER029,543,2.8,3024
PROD04042,Brand_B,SELLER071,295,2.6,755
PROD00548,Brand_C,SELLER070,12,4.7,3674
PROD02179,Brand_G,SELLER094,76,2.8,3955
PROD01413,Brand_G,SELLER056,436,4.5,2306
PROD03388,Brand_B,SELLER020,394,3.5,517
PROD01841,Brand_E,SELLER042,716,3.8,872
PROD04602,Brand_E,SELLER080,342,3.0,2656
PROD04190,Brand_F,SELLER029,247,3.1,4940
PROD04870,Brand_C,SELLER013,543,4.9,3576
PROD01141,Brand_F,SELLER040,670,3.6,1114
PROD01500,Brand_D,SELLER015,298,3.3,1349
PROD02069,Brand_E,SELLER077,709,3.4,3590
PROD02273,Brand_E,SELLER008,330,4.0,2935
PROD02329,Brand_C,SELLER096,833,4.4,34
PROD00143,Brand_D,SELLER047,119,2.8,3651
PROD00880,Brand_C,SELLER086,16,4.0,2033
PROD03115,Brand_D,SELLER013,475,4.4,378
PROD00634,Brand_D,SELLER049,908,2.6,1067
PROD03475,Brand_D,SELLER028,161,3.0,4990
PROD00394,Brand_A,SELLER017,401,4.7,1328
PROD01877,Brand_B,SELLER025,804,4.2,3873
PROD01601,Brand_D,SELLER017,64,4.2,2286
PROD02667,Brand_G,SELLER063,57,4.6,4020
PROD03789,Brand_G,SELLER090,351,2.8,2786
PROD04509,Brand_C,SELLER032,591,4.3,4308
PROD01035,Brand_C,SELLER008,949,3.0,3140
PROD01766,Brand_G,SELLER061,279,4.0,3109
PROD03044,Brand_E,SELLER047,702,4.5,1477
PROD04601,Brand_F,SELLER100,801,4.0,3218
PROD02189,Brand_C,SELLER091,870,5.0,3543
PROD04043,Brand_A,SELLER002,91,4.5,1783
PROD01854,Brand_H,SELLER043,301,3.8,9
PROD01987,Brand_B,SELLER052,193,4.3,4306
PROD02524,Brand_D,SELLER071,834,4.8,1521
PROD00825,Brand_B,SELLER075,732,2.8,1117
PROD02388,Brand_F,SELLER041,897,3.5,3847
PROD03202,Brand_F,SELLER019,181,3.3,3740
PROD04218,Brand_F,SELLER077,249,4.0,3167
PROD03425,Brand_F,SELLER046,611,3.9,662
PROD01034,Brand_F,SELLER027,219,2.7,4427
PROD00278,Brand_A,SELLER087,977,3.8,4728
PROD02651,Brand_A,SELLER056,233,4.6,241
PROD00365,Brand_H,SELLER038,576,3.1,430
PROD00318,Brand_B,SELLER096,884,2.7,2383
PROD04385,Brand_A,SELLER060,324,3.5,4683
PROD02395,Brand_E,SELLER058,340,3.5,1763
PROD02919,Brand_E,SELLER046,612,3.7,4475
PROD04382,Brand_E,SELLER009,260,4.0,28
PROD00549,Brand_A,SELLER043,398,3.1,3565
PROD00141,Brand_B,SELLER073,424,4.6,2938
PROD02116,Brand_C,SELLER049,254,3.0,841
PROD00763,Brand_B,SELLER004,914,2.8,4232
PROD02552,Brand_G,SELLER082,367,3.7,4949
PROD01122,Brand_H,SELLER030,264,2.6,3462
PROD04036,Brand_A,SELLER083,567,2.6,4127
PROD02797,Brand_F,SELLER094,801,3.5,1625
PROD02894,Brand_E,SELLER028,985,5.0,3629
PROD04295,Brand_G,SELLER063,244,5.0,3284
PROD01838,Brand_B,SELLER100,412,4.6,733
PROD01977,Brand_H,SELLER073,292,3.0,994
PROD01585,Brand_H,SELLER015,348,2.7,2088
PROD00376,Brand_A,SELLER039,241,2.5,1732
PROD02101,Brand_H,SELLER056,989,3.1,4598
PROD04902,Brand_F,SELLER080,697,3.0,1645
PROD04127,Brand_G,SELLER062,877,3.5,1094
PROD04684,Brand_A,SELLER067,509,4.5,1431
PROD00063,Brand_G,SELLER066,299,4.5,34
PROD01362,Brand_B,SELLER023,287,4.9,2110
PROD01108,Brand_C,SELLER099,265,3.9,4927
PROD02128,Brand_G,SELLER012,998,4.3,3986
PROD00657,Brand_A,SELLER026,365,3.6,2749
PROD01352,Brand_H,SELLER001,953,2.9,3736
PROD03106,Brand_G,SELLER041,343,3.3,633
PROD04108,Brand_D,SELLER080,756,3.5,2641
PROD02013,Brand_B,SELLER083,9,2.5,2803
PROD02635,Brand_G,SELLER074,435,2.6,4264
PROD03361,Brand_A,SELLER053,427,4.7,1551
PROD02194,Brand_H,SELLER057,815,4.4,2838
PROD03098,Brand_A,SELLER033,805,3.5,4357
PROD04682,Brand_G,SELLER085,837,3.8,3543
PROD02064,Brand_H,SELLER091,933,3.0,3155
PROD03024,Brand_F,SELLER070,759,5.0,2830
PROD01771,Brand_H,SELLER052,581,5.0,4100
PROD04311,Brand_B,SELLER003,29,4.2,561
PROD03332,Brand_A,SELLER030,363,3.5,928
PROD00218,Brand_H,SELLER059,209,4.6,1601
PROD02162,Brand_C,SELLER028,75,3.6,440
PROD01010,Brand_E,SELLER035,10,4.6,1956
PROD01292,Brand_D,SELLER064,308,3.5,1275
PROD01066,Brand_D,SELLER084,950,4.6,1991
PROD03495,Brand_B,SELLER076,555,3.1,166
PROD03478,Brand_E,SELLER064,950,3.0,1513
PROD01945,Brand_G,SELLER068,483,3.3,2393
PROD04962,Brand_A,SELLER073,929,3.3,4891
PROD04693,Brand_G,SELLER056,115,4.8,3615
PROD00844,Brand_C,SELLER029,977,3.0,1976
PROD03341,Brand_H,SELLER049,60,3.9,40
PROD02536,Brand_G,SELLER017,459,4.7,1635
PROD02824,Brand_A,SELLER095,185,4.1,4444
PROD01194,Brand_D,SELLER044,54,3.3,1643
PROD02228,Brand_C,SELLER097,140,3.5,344
PROD03172,Brand_A,SELLER082,721,4.3,3701
PROD00600,Brand_H,SELLER074,402,4.7,3446
PROD00413,Brand_G,SELLER056,859,4.5,3689
PROD03373,Brand_F,SELLER078,480,4.4,119
PROD02159,Brand_C,SELLER044,258,4.5,857
PROD03828,Brand_F,SELLER058,490,2.9,3198
PROD02604,Brand_A,SELLER078,621,4.8,88
PROD02647,Brand_G,SELLER024,699,4.3,2734
PROD04393,Brand_A,SELLER016,166,4.1,2419
PROD01898,Brand_B,SELLER088,433,2.6,2197
PROD04462,Brand_C,SELLER052,236,3.2,1594
PROD03082,Brand_A,SELLER062,983,4.7,1586
PROD04417,Brand_H,SELLER035,138,3.6,2522
PROD03742,Brand_C,SELLER100,294,3.7,2142
PROD00689,Brand_H,SELLER053,437,3.8,2625
PROD01606,Brand_H,SELLER011,590,3.4,961
PROD03150,Brand_E,SELLER023,306,3.3,2632
PROD01607,Brand_B,SELLER079,723,4.6,1641
PROD02136,Brand_B,SELLER017,461,4.3,684
PROD04981,Brand_D,SELLER067,756,3.2,4228
PROD02626,Brand_E,SELLER025,371,4.5,1624
PROD00881,Brand_B,SELLER082,941,3.9,2900
PROD03665,Brand_E,SELLER036,556,3.7,1973
PROD04336,Brand_E,SELLER005,990,3.3,4562
PROD04316,Brand_D,SELLER098,197,4.2,889
PROD01133,Brand_H,SELLER051,979,4.3,2780
PROD03052,Brand_F,SELLER100,84,5.0,1160
PROD00277,Brand_E,SELLER016,332,3.7,3730
PROD03466,Brand_F,SELLER093,506,4.3,1168
PROD01790,Brand_D,SELLER019,700,3.1,4257
PROD00484,Brand_A,SELLER090,57,3.6,2491
PROD00714,Brand_E,SELLER006,46,3.8,1487
PROD03841,Brand_C,SELLER057,154,3.7,440
PROD04724,Brand_C,SELLER080,874,3.2,4699
PROD04511,Brand_A,SELLER080,101,4.3,5000
PROD01793,Brand_D,SELLER082,996,4.0,2503
PROD00023,Brand_B,SELLER013,838,4.7,328
PROD02678,Brand_E,SELLER099,789,2.8,2672
PROD00545,Brand_G,SELLER003,132,4.4,901
PROD02271,Brand_C,SELLER064,891,4.3,2560
PROD00732,Brand_F,SELLER053,673,4.2,2389
PROD01754,Brand_C,SELLER077,252,3.9,406
PROD02311,Brand_F,SELLER026,304,4.6,1593
PROD02349,Brand_F,SELLER021,500,5.0,1125
PROD01051,Brand_A,SELLER094,725,4.1,1271
PROD02515,Brand_F,SELLER069,706,3.8,1922
PROD01891,Brand_D,SELLER007,761,3.7,3031
PROD03323,Brand_C,SELLER080,719,4.1,261
PROD03929,Brand_F,SELLER055,363,3.3,466
PROD03380,Brand_E,SELLER006,831,3.4,2720
PROD02721,Brand_F,SELLER013,524,4.7,1649
PROD01642,Brand_D,SELLER051,238,4.5,938
PROD03892,Brand_D,SELLER014,415,4.4,575
PROD03979,Brand_E,SELLER076,212,3.1,2593
PROD02043,Brand_C,SELLER007,214,3.5,4587
PROD04071,Brand_F,SELLER040,969,3.9,3823
PROD04560,Brand_G,SELLER096,878,3.2,2811
PROD02641,Brand_F,SELLER007,379,4.5,4034
PROD00216,Brand_E,SELLER033,854,3.9,1980
PROD00579,Brand_G,SELLER019,785,3.4,3645
PROD01414,Brand_D,SELLER027,502,3.3,937
PROD04740,Brand_D,SELLER016,897,4.8,1169
PROD00361,Brand_G,SELLER024,518,4.9,4105
PROD04955,Brand_D,SELLER032,849,4.2,3411
PROD03637,Brand_H,SELLER040,734,4.4,3599
PROD00885,Brand_A,SELLER022,764,4.0,71
PROD04479,Brand_B,SELLER057,766,4.3,2577
PROD01514,Brand_D,SELLER002,976,3.9,1697
PROD04647,Brand_F,SELLER010,200,4.1,508
PROD02960,Brand_F,SELLER018,453,2.6,272
PROD04755,Brand_A,SELLER095,458,4.1,852
PROD02148,Brand_G,SELLER025,273,3.6,4763
PROD01809,Brand_A,SELLER048,212,2.7,2695
PROD03431,Brand_B,SELLER067,159,2.9,1360
PROD00971,Brand_G,SELLER100,847,4.7,1536
PROD00228,Brand_F,SELLER033,144,4.4,1574
PROD04230,Brand_F,SELLER044,405,4.8,3793
PROD03347,Brand_G,SELLER093,890,3.4,4023
PROD02803,Brand_D,SELLER014,590,4.8,1202
PROD04567,Brand_G,SELLER020,843,2.6,3660
PROD03262,Brand_C,SELLER044,771,2.8,3851
PROD04448,Brand_C,SELLER053,923,3.2,4364
PROD02186,Brand_F,SELLER087,401,4.7,1530
PROD02963,Brand_F,SELLER090,687,4.8,3794
PROD04116,Brand_H,SELLER014,137,3.3,445
PROD04742,Brand_F,SELLER076,979,3.3,337
PROD04642,Brand_G,SELLER057,883,4.5,645
PROD04277,Brand_D,SELLER032,215,3.4,1589
PROD03144,Brand_F,SELLER038,208,2.8,968
PROD02699,Brand_F,SELLER029,771,4.4,3941
PROD04283,Brand_C,SELLER038,435,4.3,1715
PROD03762,Brand_B,SELLER072,861,3.2,4324
PROD02974,Brand_A,SELLER043,304,3.8,850
PROD04730,Brand_D,SELLER027,332,2.5,3852
PROD04182,Brand_F,SELLER058,192,4.2,591
PROD00792,Brand_D,SELLER005,47,3.4,104
PROD02739,Brand_D,SELLER077,782,3.7,2129
PROD02294,Brand_A,SELLER092,623,2.5,2499
PROD03057,Brand_F,SELLER078,252,3.7,499
PROD03964,Brand_D,SELLER096,652,3.7,3747
PROD04876,Brand_F,SELLER022,151,4.8,415
PROD00580,Brand_C,SELLER029,740,4.2,2091
PROD04293,Brand_C,SELLER071,953,3.4,823
PROD02060,Brand_A,SELLER047,812,3.0,84
PROD03650,Brand_G,SELLER072,949,4.7,3213
PROD00080,Brand_A,SELLER040,665,4.3,3594
PROD04158,Brand_G,SELLER071,591,3.1,3509
PROD01916,Brand_C,SELLER075,456,3.2,4325
PROD00416,Brand_C,SELLER016,444,4.0,2513
PROD03217,Brand_G,SELLER001,679,4.6,4550
PROD03063,Brand_A,SELLER079,648,4.7,4579
PROD03511,Brand_A,SELLER033,446,3.0,4715
PROD01785,Brand_F,SELLER091,955,3.1,4678
PROD01317,Brand_D,SELLER091,686,3.0,2260
PROD01506,Brand_G,SELLER048,515,3.4,301
PROD02918,Brand_E,SELLER017,11,4.6,2267
PROD00054,Brand_A,SELLER053,974,4.2,3170
PROD03434,Brand_G,SELLER006,1000,3.7,1281
PROD00939,Brand_H,SELLER087,563,4.3,932
PROD01020,Brand_D,SELLER064,667,2.6,3494
PROD04822,Brand_A,SELLER047,260,4.7,2270
PROD03076,Brand_G,SELLER027,338,3.5,3415
PROD01332,Brand_D,SELLER032,818,4.2,4478
PROD02284,Brand_F,SELLER053,57,3.5,2979
PROD00107,Brand_D,SELLER093,416,3.9,1573
PROD00340,Brand_B,SELLER074,67,4.3,715
PROD03605,Brand_A,SELLER087,933,3.9,236
PROD04982,Brand_C,SELLER006,383,3.8,2312
PROD04649,Brand_F,SELLER099,702,4.5,2426
PROD03139,Brand_F,SELLER050,723,2.7,3054
PROD03535,Brand_G,SELLER063,37,4.3,3645
PROD00831,Brand_E,SELLER084,955,3.4,35
PROD04922,Brand_H,SELLER066,423,2.8,1219
PROD02988,Brand_H,SELLER001,90,2.8,2737
PROD04623,Brand_F,SELLER041,673,2.9,3709
PROD01004,Brand_A,SELLER077,829,3.1,3896
PROD03710,Brand_C,SELLER091,405,4.6,1504
PROD00399,Brand_D,SELLER027,371,4.1,2523
PROD03794,Brand_H,SELLER007,427,2.6,229
PROD00288,Brand_C,SELLER007,276,3.3,3236
PROD02818,Brand_H,SELLER065,896,4.7,4312
PROD04516,Brand_D,SELLER036,211,4.5,4882
PROD00809,Brand_H,SELLER093,571,2.7,288
PROD03562,Brand_D,SELLER034,850,4.4,3824
PROD04165,Brand_C,SELLER056,860,3.7,2591
PROD02766,Brand_D,SELLER056,774,4.0,2801
PROD02260,Brand_E,SELLER059,851,4.9,4840
PROD00588,Brand_E,SELLER075,824,2.6,582
PROD02571,Brand_G,SELLER083,335,3.0,2217
PROD04639,Brand_G,SELLER018,651,3.2,3981
PROD02931,Brand_B,SELLER004,388,4.3,4224
PROD00736,Brand_G,SELLER091,352,4.0,4610
PROD03493,Brand_E,SELLER021,177,3.7,823
PROD01704,Brand_F,SELLER062,954,3.5,2806
PROD01186,Brand_G,SELLER099,419,2.7,173
PROD03439,Brand_D,SELLER021,812,4.9,2785
PROD01825,Brand_D,SELLER045,282,3.7,28
PROD02394,Brand_E,SELLER100,555,2.6,973
PROD03694,Brand_G,SELLER094,812,4.2,3589
PROD04716,Brand_D,SELLER068,324,3.7,681
PROD02473,Brand_A,SELLER035,983,4.5,1797
PROD00874,Brand_B,SELLER009,84,2.9,4406
PROD00019,Brand_A,SELLER041,451,2.8,4256
PROD00594,Brand_F,SELLER034,231,3.5,3365
PROD00230,Brand_G,SELLER039,987,3.6,1980
PROD00308,Brand_B,SELLER019,906,3.0,1508
PROD01485,Brand_A,SELLER017,393,4.7,2301
PROD00884,Brand_D,SELLER003,552,2.6,2380
PROD02992,Brand_H,SELLER062,834,3.0,1148
PROD00135,Brand_A,SELLER092,333,4.3,3161
PROD00833,Brand_B,SELLER037,267,3.6,3021
PROD01863,Brand_E,SELLER008,861,3.8,4626
PROD04373,Brand_H,SELLER023,115,4.8,3920
PROD00387,Brand_E,SELLER062,913,4.5,3429
PROD03971,Brand_C,SELLER078,936,4.2,598
PROD01165,Brand_C,SELLER087,162,4.1,4370
PROD01444,Brand_B,SELLER067,971,4.5,236
PROD03393,Brand_B,SELLER016,427,4.1,376
PROD03272,Brand_B,SELLER055,59,4.1,3035
PROD01789,Brand_E,SELLER048,464,3.3,545
PROD00351,Brand_A,SELLER005,776,3.1,4227
PROD04379,Brand_A,SELLER031,740,3.5,2423
PROD03568,Brand_G,SELLER062,6,4.5,3202
PROD00349,Brand_E,SELLER012,178,4.5,1546
PROD02547,Brand_B,SELLER068,432,3.3,1190
PROD03658,Brand_E,SELLER030,669,3.6,2516
PROD04375,Brand_G,SELLER009,29,2.5,2146
PROD03339,Brand_E,SELLER006,618,2.5,2463
PROD01556,Brand_E,SELLER015,17,2.8,4285
PROD02666,Brand_D,SELLER097,57,4.7,3069
PROD04374,Brand_F,SELLER069,330,3.8,2413
PROD00074,Brand_B,SELLER039,88,4.2,4747
PROD04130,Brand_E,SELLER054,134,3.9,4826
PROD01815,Brand_A,SELLER033,812,4.8,3673
PROD00120,Brand_C,SELLER055,993,3.1,2858
PROD01666,Brand_B,SELLER043,657,4.8,2410
PROD00390,Brand_E,SELLER017,961,3.6,1782
PROD00317,Brand_F,SELLER017,771,3.8,923
PROD01024,Brand_E,SELLER048,834,3.2,183
PROD03051,Brand_A,SELLER051,75,2.9,4745
PROD01788,Brand_F,SELLER056,359,3.9,2806
PROD04053,Brand_B,SELLER055,932,3.4,931
PROD01396,Brand_E,SELLER043,4,2.8,4628
PROD02753,Brand_G,SELLER018,211,4.2,841
PROD04923,Brand_G,SELLER079,465,3.9,4629
PROD02337,Brand_D,SELLER084,435,4.3,3337
PROD03954,Brand_G,SELLER013,200,4.2,550
PROD00697,Brand_C,SELLER048,883,2.6,4170
PROD04597,Brand_G,SELLER038,236,3.8,96
PROD03614,Brand_F,SELLER017,953,4.1,2207
PROD02152,Brand_D,SELLER093,370,3.6,1241
PROD04119,Brand_A,SELLER014,472,4.0,3464
PROD00864,Brand_C,SELLER039,256,2.7,4046
PROD03807,Brand_G,SELLER059,747,3.3,2392
PROD01030,Brand_F,SELLER085,203,2.7,3381
PROD04065,Brand_H,SELLER018,512,4.0,602
PROD00495,Brand_C,SELLER068,723,3.6,1874
PROD03077,Brand_A,SELLER008,429,3.0,4937
PROD01966,Brand_D,SELLER035,147,3.4,4586
PROD04270,Brand_B,SELLER026,417,3.7,1422
PROD03356,Brand_B,SELLER024,689,3.2,83
PROD01101,Brand_B,SELLER003,14,3.0,1057
PROD04712,Brand_G,SELLER046,242,4.2,444
PROD02873,Brand_H,SELLER072,515,2.6,1747
PROD01918,Brand_B,SELLER054,108,4.8,460
PROD00286,Brand_C,SELLER061,14,3.0,3747
PROD01763,Brand_D,SELLER091,340,4.4,3741
PROD04457,Brand_B,SELLER099,882,2.8,4233
PROD02446,Brand_A,SELLER098,798,2.6,1199
PROD03135,Brand_A,SELLER057,488,4.9,1183
PROD00261,Brand_F,SELLER029,984,4.3,2998
PROD03898,Brand_G,SELLER044,26,4.4,4632
PROD00284,Brand_B,SELLER004,204,3.5,4419
PROD00983,Brand_A,SELLER072,516,3.0,2621
PROD03335,Brand_F,SELLER013,387,2.8,1754
PROD02211,Brand_C,SELLER027,973,2.6,2161
PROD01497,Brand_A,SELLER003,674,4.6,1032
PROD02942,Brand_C,SELLER001,873,3.5,1593
PROD04428,Brand_H,SELLER017,935,3.2,152
PROD04098,Brand_G,SELLER072,715,3.9,276
PROD04177,Brand_H,SELLER049,404,3.2,3645
PROD04487,Brand_F,SELLER084,303,2.9,2037
PROD02129,Brand_C,SELLER025,85,4.4,1150
PROD04709,Brand_C,SELLER035,657,4.7,1405
PROD00147,Brand_F,SELLER070,685,4.5,1816
PROD01985,Brand_C,SELLER060,785,4.8,4156
PROD02503,Brand_F,SELLER059,295,4.6,4753
PROD04090,Brand_B,SELLER002,969,4.0,3676
PROD00832,Brand_B,SELLER095,739,3.9,2224
PROD02262,Brand_G,SELLER087,113,4.5,4904
PROD01702,Brand_E,SELLER009,148,3.1,1234
PROD00021,Brand_C,SELLER047,341,5.0,4341
PROD04398,Brand_D,SELLER094,963,2.8,2776
PROD02286,Brand_B,SELLER038,174,2.9,3681
PROD04139,Brand_E,SELLER060,975,4.3,2237
PROD02440,Brand_F,SELLER017,966,3.6,861
PROD00987,Brand_E,SELLER058,961,3.4,4310
PROD03834,Brand_C,SELLER017,230,4.1,4209
PROD00869,Brand_A,SELLER042,84,3.6,582
PROD02105,Brand_E,SELLER066,255,3.8,2896
PROD03735,Brand_A,SELLER073,634,4.2,4390
PROD00733,Brand_B,SELLER054,955,4.2,1790
PROD00127,Brand_B,SELLER091,752,3.8,305
PROD02704,Brand_F,SELLER073,947,3.4,3212
PROD04019,Brand_E,SELLER060,121,3.8,3592
PROD00807,Brand_D,SELLER040,942,3.2,380
PROD02398,Brand_E,SELLER003,858,4.4,376
PROD04097,Brand_H,SELLER009,948,3.9,95
PROD03232,Brand_A,SELLER024,341,3.8,4980
PROD03091,Brand_G,SELLER056,569,3.1,2356
PROD02742,Brand_H,SELLER068,699,4.2,3687
PROD03515,Brand_F,SELLER067,818,2.7,2302
PROD03575,Brand_A,SELLER037,679,3.3,4649
PROD01347,Brand_D,SELLER009,466,4.2,1463
PROD00270,Brand_G,SELLER074,237,4.8,2834
PROD02283,Brand_C,SELLER006,117,2.7,4899
PROD00891,Brand_F,SELLER045,781,3.1,2567
PROD03176,Brand_G,SELLER009,505,4.3,3066
PROD04530,Brand_E,SELLER099,888,3.0,1367
PROD00178,Brand_H,SELLER051,585,3.2,589
PROD04442,Brand_G,SELLER008,868,4.0,2853
PROD01262,Brand_A,SELLER067,718,4.9,4979
PROD04759,Brand_D,SELLER019,849,3.6,4854
PROD04851,Brand_B,SELLER009,127,4.1,4678
PROD04903,Brand_G,SELLER095,841,3.9,2901
PROD04801,Brand_D,SELLER008,896,3.2,104
PROD04168,Brand_D,SELLER073,167,3.8,2891
PROD04859,Brand_H,SELLER023,95,3.3,3604
PROD04960,Brand_G,SELLER074,234,4.1,2806
PROD02903,Brand_D,SELLER012,130,2.8,43
PROD04320,Brand_D,SELLER046,966,3.3,3781
PROD00071,Brand_C,SELLER008,90,5.0,2461
PROD00743,Brand_A,SELLER046,718,3.3,2368
PROD03633,Brand_D,SELLER002,425,4.8,2336
PROD00323,Brand_F,SELLER047,9,3.7,3937
PROD04849,Brand_D,SELLER096,107,4.0,1666
PROD00450,Brand_G,SELLER043,272,2.7,4440
PROD01638,Brand_C,SELLER070,555,4.2,4331
PROD02122,Brand_A,SELLER059,61,3.9,3101
PROD03878,Brand_H,SELLER005,505,4.5,3519
PROD00338,Brand_B,SELLER085,601,3.8,3985
PROD03510,Brand_C,SELLER034,737,2.9,592
PROD01121,Brand_G,SELLER014,359,3.3,1069
PROD02763,Brand_B,SELLER014,951,3.6,1394
PROD03908,Brand_E,SELLER066,39,3.7,4227
PROD00420,Brand_H,SELLER074,741,3.0,321
PROD00273,Brand_C,SELLER036,406,4.9,702
PROD00183,Brand_D,SELLER090,109,3.8,2659
PROD02696,Brand_B,SELLER098,212,2.9,856
PROD02580,Brand_H,SELLER053,460,3.0,1045
PROD03628,Brand_A,SELLER057,793,3.8,2240
PROD02225,Brand_B,SELLER017,160,4.9,1568
PROD02221,Brand_E,SELLER007,560,2.6,3523
PROD03677,Brand_C,SELLER079,576,3.5,2614
PROD03295,Brand_D,SELLER068,166,2.5,4164
PROD04629,Brand_A,SELLER044,894,3.8,4133
PROD03328,Brand_A,SELLER038,120,4.5,714
PROD02299,Brand_D,SELLER032,412,2.9,1803
PROD02444,Brand_F,SELLER006,995,2.7,293
PROD02182,Brand_H,SELLER033,525,3.8,1760
PROD02908,Brand_E,SELLER080,18,4.6,1647
PROD04951,Brand_D,SELLER083,73,4.4,3679
PROD01512,Brand_A,SELLER045,982,4.5,169
PROD04817,Brand_C,SELLER066,446,3.9,1363
PROD00995,Brand_F,SELLER067,853,3.3,2200
PROD00081,Brand_C,SELLER071,818,3.4,2819
PROD04425,Brand_A,SELLER022,229,4.8,3677
PROD04685,Brand_G,SELLER036,184,3.2,4264
PROD00595,Brand_F,SELLER092,969,3.0,2457
PROD00509,Brand_B,SELLER025,945,4.9,592
PROD00331,Brand_A,SELLER093,586,2.7,968
PROD01055,Brand_E,SELLER085,151,4.2,1923
PROD01958,Brand_D,SELLER061,918,4.1,1340
PROD02838,Brand_G,SELLER035,807,3.7,12
PROD04030,Brand_B,SELLER059,868,3.7,4066
PROD02264,Brand_A,SELLER054,485,4.0,3041
PROD03583,Brand_D,SELLER012,72,2.5,2044
PROD04431,Brand_G,SELLER015,243,2.8,638
PROD02569,Brand_A,SELLER071,168,3.2,1261
PROD00655,Brand_A,SELLER064,684,3.1,4199
PROD03175,Brand_A,SELLER050,426,2.6,198
PROD04380,Brand_D,SELLER017,50,2.7,1681
PROD03246,Brand_E,SELLER049,594,2.6,2108
PROD04806,Brand_F,SELLER005,554,3.3,1511
PROD03769,Brand_H,SELLER025,108,4.2,2996
PROD01019,Brand_B,SELLER055,23,4.9,3237
PROD04892,Brand_G,SELLER082,967,4.0,4774
PROD00516,Brand_G,SELLER074,397,2.7,1953
PROD02842,Brand_C,SELLER020,683,2.8,3685
PROD02165,Brand_D,SELLER010,475,4.9,3736
PROD04944,Brand_G,SELLER038,705,4.7,3875
PROD01307,Brand_G,SELLER050,119,4.5,362
PROD02715,Brand_D,SELLER038,407,4.1,2279
PROD00429,Brand_G,SELLER055,95,3.1,4440
PROD01084,Brand_A,SELLER026,688,3.7,4074
PROD01310,Brand_F,SELLER029,244,4.0,699
PROD02190,Brand_H,SELLER081,16,4.7,4577
PROD00282,Brand_G,SELLER010,399,4.4,4339
PROD04838,Brand_B,SELLER057,419,4.3,2107
PROD00034,Brand_H,SELLER014,322,3.7,2119
PROD02377,Brand_D,SELLER015,860,3.0,4890
PROD00487,Brand_F,SELLER067,937,2.8,1345
PROD03166,Brand_C,SELLER091,608,2.9,1915
PROD00873,Brand_B,SELLER010,46,4.0,1166
PROD00140,Brand_G,SELLER047,281,3.7,347
PROD04200,Brand_C,SELLER099,793,4.2,3440
PROD02205,Brand_H,SELLER066,151,3.1,3777
PROD00898,Brand_G,SELLER030,13,4.8,684
PROD04695,Brand_C,SELLER028,233,4.2,3772
PROD00363,Brand_A,SELLER072,678,4.4,1772
PROD04617,Brand_C,SELLER095,139,3.5,2798
PROD01651,Brand_H,SELLER038,572,4.1,3626
PROD02954,Brand_G,SELLER047,569,2.9,4163
PROD02646,Brand_F,SELLER078,434,3.0,2368
PROD03792,Brand_G,SELLER023,175,3.7,3529
PROD01722,Brand_E,SELLER012,819,4.9,1258
PROD04937,Brand_G,SELLER004,905,2.9,2969
PROD03578,Brand_C,SELLER099,430,4.2,582
PROD03655,Brand_B,SELLER096,725,2.6,4310
PROD02929,Brand_F,SELLER042,749,3.1,3512
PROD00858,Brand_D,SELLER058,32,4.9,1357
PROD02479,Brand_F,SELLER069,425,4.1,3482
PROD00544,Brand_G,SELLER082,869,2.6,3581
PROD04927,Brand_E,SELLER049,254,4.9,1976
PROD03018,Brand_F,SELLER042,77,2.6,3124
PROD04463,Brand_B,SELLER056,173,2.6,1492
PROD03989,Brand_C,SELLER091,331,3.0,3012
PROD00243,Brand_H,SELLER026,417,4.5,757
PROD00639,Brand_A,SELLER078,6,4.9,593
PROD00593,Brand_A,SELLER002,912,3.0,542
PROD00592,Brand_G,SELLER079,731,4.7,2376
PROD04113,Brand_F,SELLER089,840,4.2,3232
PROD01056,Brand_B,SELLER038,46,3.0,4710
PROD02675,Brand_F,SELLER087,122,4.2,940
PROD00933,Brand_A,SELLER039,583,4.7,1954
PROD02267,Brand_E,SELLER050,225,3.8,1640
PROD04610,Brand_E,SELLER085,747,4.0,2368
PROD03873,Brand_E,SELLER074,181,3.2,3476
PROD02770,Brand_E,SELLER031,931,2.5,4561
PROD03890,Brand_C,SELLER026,952,3.6,3215
PROD02019,Brand_G,SELLER041,333,2.9,2403
PROD03110,Brand_B,SELLER031,652,3.5,138
PROD00966,Brand_D,SELLER060,125,3.9,1366
PROD04737,Brand_E,SELLER019,161,2.7,2188
PROD00093,Brand_A,SELLER095,789,3.2,407
PROD03699,Brand_G,SELLER002,375,4.8,3935
PROD00226,Brand_D,SELLER033,836,3.8,4025
PROD04460,Brand_F,SELLER037,67,3.1,1598
PROD00976,Brand_A,SELLER071,376,2.5,3747
PROD00491,Brand_A,SELLER074,477,3.9,4443
PROD00482,Brand_A,SELLER078,689,2.6,3809
PROD03801,Brand_A,SELLER036,847,2.9,1138
PROD00616,Brand_H,SELLER082,702,4.5,3397
PROD00676,Brand_E,SELLER002,510,4.9,699
PROD02762,Brand_G,SELLER002,14,4.5,2598
PROD03822,Brand_B,SELLER060,708,4.8,1324
PROD03545,Brand_G,SELLER054,400,4.6,3569
PROD03312,Brand_C,SELLER023,103,4.5,4119
PROD00912,Brand_E,SELLER056,323,3.1,468
PROD00262,Brand_F,SELLER062,561,3.6,834
PROD01592,Brand_H,SELLER006,66,4.3,4427
PROD04183,Brand_D,SELLER036,659,4.3,4601
PROD04178,Brand_C,SELLER063,395,2.9,3136
PROD00798,Brand_H,SELLER056,810,4.9,2292
PROD00171,Brand_F,SELLER075,122,4.4,130
PROD02423,Brand_H,SELLER015,803,3.0,1567
PROD00040,Brand_B,SELLER083,298,4.2,429
PROD02584,Brand_H,SELLER078,935,3.5,4968
PROD01816,Brand_F,SELLER034,995,4.5,514
PROD02290,Brand_A,SELLER017,277,3.0,682
PROD00713,Brand_C,SELLER015,430,4.2,2920
PROD04793,Brand_G,SELLER021,604,5.0,4963
PROD04212,Brand_E,SELLER024,367,3.5,1434
PROD03840,Brand_G,SELLER005,9,3.3,836
PROD01605,Brand_H,SELLER057,797,4.6,11
PROD04967,Brand_E,SELLER027,6,3.0,1247
PROD01698,Brand_F,SELLER089,136,4.7,2919
PROD04671,Brand_D,SELLER084,629,2.5,2066
PROD03219,Brand_A,SELLER069,538,3.9,2753
PROD03214,Brand_C,SELLER031,837,4.8,4908
PROD00986,Brand_D,SELLER085,604,2.6,292
PROD00445,Brand_C,SELLER028,795,4.2,1998
PROD01135,Brand_A,SELLER100,501,3.3,3122
PROD00052,Brand_D,SELLER048,32,3.9,1286
PROD01886,Brand_F,SELLER025,804,4.8,1773
PROD02595,Brand_D,SELLER045,868,2.8,537
PROD03465,Brand_B,SELLER009,511,2.8,3150
PROD04970,Brand_C,SELLER050,839,3.1,1294
PROD00767,Brand_C,SELLER079,700,3.9,1781
PROD00492,Brand_G,SELLER087,934,3.8,595
PROD00099,Brand_B,SELLER048,603,5.0,3996
PROD03317,Brand_C,SELLER037,404,2.9,2475
PROD04680,Brand_C,SELLER036,10,3.5,4404
PROD01699,Brand_D,SELLER045,541,3.1,764
PROD02313,Brand_C,SELLER020,727,3.7,3093
PROD00571,Brand_D,SELLER009,271,2.7,2072
PROD00950,Brand_E,SELLER076,957,4.9,4372
PROD01200,Brand_H,SELLER042,629,3.6,2369
PROD03500,Brand_G,SELLER070,150,3.7,69
PROD02987,Brand_B,SELLER019,369,4.4,2441
PROD02331,Brand_C,SELLER013,440,4.0,1219
PROD03252,Brand_E,SELLER036,542,4.1,4387
PROD04558,Brand_B,SELLER077,974,3.0,744
PROD02066,Brand_H,SELLER057,955,3.4,2490
PROD00106,Brand_F,SELLER100,974,3.7,2282
PROD04315,Brand_E,SELLER099,884,4.0,73
PROD00726,Brand_B,SELLER052,472,3.0,1108
PROD04954,Brand_D,SELLER097,991,3.9,2011
PROD00851,Brand_A,SELLER012,416,2.8,4950
PROD04782,Brand_F,SELLER078,156,3.2,503
PROD04518,Brand_H,SELLER045,461,3.1,4381
PROD01909,Brand_F,SELLER010,251,4.5,818
PROD01401,Brand_E,SELLER051,429,3.0,2159
PROD00343,Brand_F,SELLER046,20,3.8,2539
PROD02362,Brand_F,SELLER020,167,3.9,4501
PROD01628,Brand_F,SELLER008,459,3.4,1981
PROD03209,Brand_B,SELLER024,204,4.1,1051
PROD00195,Brand_C,SELLER050,32,3.3,138
PROD01615,Brand_A,SELLER060,86,3.8,1288
PROD02709,Brand_B,SELLER078,28,3.5,752
PROD00658,Brand_B,SELLER050,690,4.1,2194
PROD03718,Brand_D,SELLER009,694,4.1,4747
PROD00712,Brand_C,SELLER005,328,2.7,2638
PROD02110,Brand_D,SELLER013,575,3.9,3150
PROD01925,Brand_B,SELLER089,328,3.2,34
PROD01025,Brand_G,SELLER002,426,5.0,3988
PROD03862,Brand_A,SELLER063,175,4.0,2014
PROD03963,Brand_C,SELLER026,787,4.5,4643
PROD03993,Brand_E,SELLER066,17,2.8,1511
PROD04266,Brand_E,SELLER065,463,2.7,2738
PROD04469,Brand_G,SELLER032,989,4.9,252
PROD04285,Brand_B,SELLER041,750,2.7,3415
PROD01978,Brand_G,SELLER063,226,4.5,921
PROD02964,Brand_G,SELLER068,163,2.8,2465
PROD01936,Brand_B,SELLER078,928,2.9,718
PROD04456,Brand_D,SELLER077,623,4.1,15
PROD01782,Brand_A,SELLER038,307,4.0,3830
PROD02146,Brand_C,SELLER013,104,2.5,1518
PROD04435,Brand_F,SELLER060,9,3.6,1521
PROD03701,Brand_B,SELLER007,294,3.3,3269
PROD01540,Brand_D,SELLER078,662,3.3,1279
PROD04411,Brand_E,SELLER055,549,3.7,2723
PROD00546,Brand_E,SELLER045,750,3.1,4074
PROD01477,Brand_A,SELLER058,844,4.4,2506
PROD03555,Brand_D,SELLER019,343,2.8,862
PROD02005,Brand_G,SELLER034,888,4.9,3426
PROD02245,Brand_G,SELLER098,7,3.0,2417
PROD04669,Brand_B,SELLER084,267,4.9,2692
PROD01039,Brand_A,SELLER089,877,4.3,1858
PROD01951,Brand_B,SELLER064,412,3.8,3232
PROD02119,Brand_H,SELLER078,462,2.8,2360
PROD03432,Brand_E,SELLER005,926,4.7,1553
PROD01675,Brand_C,SELLER047,224,4.5,1907
PROD01879,Brand_G,SELLER071,879,4.2,4004
PROD04694,Brand_F,SELLER066,34,3.4,2780
PROD03599,Brand_A,SELLER022,441,3.3,1536
PROD03081,Brand_E,SELLER072,167,3.4,1821
PROD00392,Brand_B,SELLER007,938,4.2,701
PROD01962,Brand_A,SELLER051,676,3.9,3194
PROD04568,Brand_F,SELLER035,635,3.7,4462
PROD00623,Brand_H,SELLER074,653,4.3,793
PROD01067,Brand_C,SELLER021,855,3.8,1553
PROD03453,Brand_B,SELLER096,976,3.9,2895
PROD02556,Brand_D,SELLER014,602,3.2,3081
PROD04486,Brand_D,SELLER098,213,4.6,425
PROD01907,Brand_G,SELLER046,961,2.8,2525
PROD02076,Brand_H,SELLER012,572,3.7,2279
PROD01364,Brand_B,SELLER005,777,4.2,3455
PROD03925,Brand_H,SELLER035,938,3.6,923
PROD02862,Brand_A,SELLER071,34,3.1,3824
PROD01400,Brand_E,SELLER044,526,3.7,4311
PROD02549,Brand_B,SELLER046,376,3.7,2758
PROD00843,Brand_H,SELLER059,565,3.0,539
PROD03416,Brand_G,SELLER002,794,4.9,547
PROD01397,Brand_H,SELLER048,320,2.9,3828
PROD01140,Brand_C,SELLER044,580,4.2,4143
PROD00367,Brand_G,SELLER062,836,4.3,260
PROD02462,Brand_A,SELLER040,453,3.8,1534
PROD01674,Brand_A,SELLER013,904,3.2,1852
PROD00607,Brand_E,SELLER058,614,3.3,1873
PROD04827,Brand_B,SELLER079,920,2.5,4570
PROD01381,Brand_D,SELLER081,333,2.7,2122
PROD04595,Brand_G,SELLER037,401,2.9,3680
PROD04396,Brand_D,SELLER028,296,4.4,4346
PROD03747,Brand_F,SELLER030,372,3.1,1130
PROD00409,Brand_G,SELLER012,880,4.3,3285
PROD01185,Brand_H,SELLER002,190,2.8,800
PROD03270,Brand_D,SELLER007,127,4.3,2945
PROD03584,Brand_B,SELLER026,5,4.9,757
PROD00878,Brand_H,SELLER027,900,3.0,2778
PROD03038,Brand_B,SELLER040,596,2.8,4728
PROD03737,Brand_D,SELLER056,477,4.1,4967
PROD04436,Brand_G,SELLER072,95,2.6,1004
PROD02672,Brand_A,SELLER056,588,5.0,355
PROD04770,Brand_F,SELLER005,439,2.8,1054
PROD01094,Brand_C,SELLER048,321,4.2,2087
PROD03831,Brand_E,SELLER047,121,4.0,3928
PROD01953,Brand_C,SELLER040,602,4.6,4975
PROD04008,Brand_A,SELLER032,518,4.5,2536
PROD00304,Brand_D,SELLER092,684,4.9,1902
PROD03140,Brand_H,SELLER065,713,4.1,2849
PROD03260,Brand_F,SELLER092,600,2.8,1293
PROD04319,Brand_H,SELLER037,44,4.7,3846
PROD03320,Brand_A,SELLER054,986,3.8,3511
PROD03738,Brand_F,SELLER006,708,2.5,794
PROD03858,Brand_H,SELLER016,823,5.0,2617
PROD03093,Brand_E,SELLER076,628,3.7,4636
PROD03688,Brand_D,SELLER073,703,2.6,2850
PROD04069,Brand_E,SELLER081,367,2.9,3426
PROD03955,Brand_A,SELLER061,575,3.0,2351
PROD04705,Brand_A,SELLER014,102,4.1,4383
PROD00683,Brand_E,SELLER023,580,4.2,2740
PROD02793,Brand_G,SELLER007,67,3.7,693
PROD01900,Brand_C,SELLER072,194,3.2,3472
PROD02079,Brand_C,SELLER016,253,2.8,265
PROD02707,Brand_E,SELLER022,81,3.4,2197
PROD03366,Brand_A,SELLER037,988,4.0,3359
PROD03672,Brand_D,SELLER003,651,3.6,3611
PROD02163,Brand_H,SELLER083,307,4.6,3163
PROD03174,Brand_E,SELLER002,412,4.1,3287
PROD03903,Brand_C,SELLER025,531,4.8,4545
PROD00267,Brand_E,SELLER027,388,4.1,4766
PROD02080,Brand_G,SELLER024,380,4.4,2717
PROD04337,Brand_D,SELLER072,879,3.3,3237
PROD02538,Brand_E,SELLER093,410,3.0,2211
PROD00674,Brand_F,SELLER018,250,3.8,2901
PROD03325,Brand_H,SELLER076,656,2.7,3091
PROD03492,Brand_D,SELLER051,189,4.9,4474
PROD03771,Brand_C,SELLER005,430,4.2,666
PROD01268,Brand_H,SELLER021,865,4.3,3651
PROD04926,Brand_C,SELLER007,229,4.8,3841
PROD02113,Brand_A,SELLER037,669,3.5,2110
PROD01826,Brand_E,SELLER081,105,3.0,1773
PROD01032,Brand_H,SELLER037,124,4.5,1747
PROD01215,Brand_A,SELLER052,268,3.3,3150
PROD00539,Brand_F,SELLER034,681,3.9,1672
PROD03404,Brand_E,SELLER094,781,3.2,3860
PROD03299,Brand_D,SELLER010,363,4.2,772
PROD04037,Brand_B,SELLER018,156,3.1,2794
PROD04813,Brand_C,SELLER009,142,3.0,133
PROD00162,Brand_E,SELLER066,674,4.3,3376
PROD02077,Brand_A,SELLER081,291,2.8,4663
PROD01082,Brand_C,SELLER021,264,3.4,3990
PROD04184,Brand_H,SELLER080,85,4.9,2384
PROD03854,Brand_E,SELLER009,168,3.7,2522
PROD02508,Brand_D,SELLER098,200,3.9,1491
PROD04389,Brand_D,SELLER036,604,3.8,3128
PROD04394,Brand_B,SELLER063,638,4.2,2340
PROD01583,Brand_C,SELLER084,955,4.3,1080
PROD00134,Brand_G,SELLER068,980,4.3,2128
PROD04057,Brand_F,SELLER081,487,2.9,4835
PROD03289,Brand_H,SELLER062,121,2.6,2186
PROD01272,Brand_A,SELLER001,267,3.4,3105
PROD03700,Brand_C,SELLER087,548,4.2,3490
PROD03382,Brand_H,SELLER074,553,3.2,1923
PROD01587,Brand_G,SELLER098,967,3.5,1071
PROD00604,Brand_C,SELLER047,699,4.6,2704
PROD00699,Brand_B,SELLER026,691,2.8,1974
PROD03728,Brand_C,SELLER022,393,2.6,1600
PROD00776,Brand_C,SELLER040,764,4.5,4101
PROD00033,Brand_E,SELLER068,972,3.0,3151
PROD01730,Brand_D,SELLER027,322,4.7,3619
PROD01929,Brand_A,SELLER075,500,4.4,876
PROD01996,Brand_G,SELLER074,892,3.9,2649
PROD03946,Brand_A,SELLER059,205,4.6,3635
PROD00812,Brand_G,SELLER012,240,3.8,2417
PROD00393,Brand_G,SELLER082,358,4.1,2360
PROD04213,Brand_E,SELLER047,437,4.8,758
PROD01611,Brand_G,SELLER037,186,2.6,2220
PROD02597,Brand_F,SELLER023,834,2.9,3997
PROD00996,Brand_B,SELLER022,332,5.0,1491
PROD04372,Brand_D,SELLER079,823,4.3,3899
PROD03396,Brand_G,SELLER029,571,4.7,2064
PROD03945,Brand_H,SELLER079,953,3.8,3195
PROD01463,Brand_E,SELLER073,67,3.8,226
PROD04829,Brand_F,SELLER060,220,4.3,1912
PROD01197,Brand_H,SELLER054,91,3.0,466
PROD02962,Brand_H,SELLER003,430,3.3,2629
PROD03867,Brand_C,SELLER042,747,2.9,3085
PROD03241,Brand_H,SELLER008,688,3.2,2375
PROD04334,Brand_D,SELLER070,942,4.7,277
PROD00012,Brand_E,SELLER050,96,3.5,572
PROD02939,Brand_H,SELLER022,494,2.9,1541
PROD04528,Brand_A,SELLER085,487,4.0,458
PROD01429,Brand_E,SELLER031,672,4.3,1249
PROD01488,Brand_H,SELLER016,891,4.8,4706
PROD02417,Brand_D,SELLER006,286,2.9,388
PROD03188,Brand_D,SELLER023,638,3.7,4727
PROD02301,Brand_E,SELLER036,892,3.3,2799
PROD04432,Brand_H,SELLER008,668,2.7,2273
PROD03786,Brand_B,SELLER053,779,3.2,2826
PROD01584,Brand_G,SELLER036,857,3.7,3383
PROD01550,Brand_G,SELLER030,833,2.9,2985
PROD03757,Brand_B,SELLER051,826,3.4,3800
PROD00614,Brand_G,SELLER072,667,2.9,4155
PROD01209,Brand_A,SELLER019,567,3.5,4797
PROD02426,Brand_F,SELLER019,194,3.5,4484
PROD03512,Brand_F,SELLER029,554,2.9,930
PROD02792,Brand_H,SELLER045,156,2.9,1051
PROD01494,Brand_C,SELLER019,683,2.5,3486
PROD04248,Brand_E,SELLER003,288,3.5,4498
PROD02106,Brand_F,SELLER097,76,4.5,1000
PROD04965,Brand_C,SELLER013,777,3.3,1095
PROD01271,Brand_C,SELLER022,11,3.0,156
PROD02213,Brand_G,SELLER013,203,3.9,2947
PROD00477,Brand_C,SELLER042,993,3.6,885
PROD00287,Brand_C,SELLER069,619,3.9,2036
PROD02851,Brand_A,SELLER038,62,3.4,4938
PROD04344,Brand_E,SELLER063,530,3.6,2159
PROD00581,Brand_C,SELLER034,592,3.3,307
PROD02719,Brand_G,SELLER079,609,3.1,1752
PROD00035,Brand_H,SELLER076,859,4.3,2666
PROD04764,Brand_G,SELLER059,550,3.2,1574
PROD02747,Brand_H,SELLER024,4,4.6,1062
PROD00627,Brand_F,SELLER066,75,4.3,3224
PROD04208,Brand_D,SELLER089,662,3.4,1533
PROD01404,Brand_A,SELLER036,526,3.4,854
PROD01439,Brand_H,SELLER035,461,2.6,3044
PROD04437,Brand_C,SELLER014,827,3.5,1599
PROD03935,Brand_G,SELLER092,152,2.7,4114
PROD04785,Brand_B,SELLER002,894,2.9,1668
PROD03405,Brand_H,SELLER039,480,3.8,4220
PROD02813,Brand_G,SELLER004,186,3.2,3217
PROD02322,Brand_G,SELLER079,536,2.5,2723
PROD01308,Brand_C,SELLER059,505,2.8,187
PROD00959,Brand_F,SELLER021,3,3.9,4102
PROD03775,Brand_F,SELLER022,240,3.1,4691
PROD04670,Brand_H,SELLER075,266,4.0,3421
PROD04211,Brand_G,SELLER077,153,3.8,2821
PROD02147,Brand_E,SELLER030,26,3.3,2975
PROD02379,Brand_D,SELLER040,9,4.6,3723
PROD00883,Brand_F,SELLER033,870,3.6,4591
PROD03267,Brand_G,SELLER068,134,4.6,626
PROD00628,Brand_A,SELLER011,314,3.0,833
PROD01246,Brand_G,SELLER013,845,2.7,3277
PROD00217,Brand_H,SELLER007,514,3.5,2428
PROD02402,Brand_A,SELLER012,899,4.8,1440
PROD03369,Brand_E,SELLER019,165,3.4,2392
PROD01068,Brand_C,SELLER092,894,4.4,1515
PROD04206,Brand_F,SELLER001,51,4.8,3198
PROD02727,Brand_E,SELLER031,853,3.3,4397
PROD00811,Brand_C,SELLER070,770,3.0,3593
PROD04323,Brand_B,SELLER020,3,4.6,2337
PROD01017,Brand_C,SELLER048,391,4.5,3360
PROD01069,Brand_G,SELLER032,526,5.0,1500
PROD04752,Brand_H,SELLER071,149,4.9,965
PROD03674,Brand_C,SELLER082,243,2.6,4420
PROD03397,Brand_G,SELLER038,863,4.0,2189
PROD00670,Brand_G,SELLER098,704,3.4,4903
PROD04072,Brand_D,SELLER087,599,3.4,37
PROD00777,Brand_A,SELLER031,159,3.3,2429
PROD03870,Brand_G,SELLER069,587,2.6,2988
PROD03358,Brand_G,SELLER095,99,4.8,4332
PROD00271,Brand_E,SELLER036,613,3.2,738
PROD03921,Brand_A,SELLER093,172,4.0,3234
PROD03560,Brand_D,SELLER017,895,4.4,421
PROD01526,Brand_E,SELLER001,320,3.5,2979
PROD02057,Brand_G,SELLER018,94,3.9,3847
PROD03160,Brand_E,SELLER057,962,2.6,4818
PROD01289,Brand_A,SELLER092,835,4.2,2172
PROD01088,Brand_D,SELLER069,398,2.9,1096
PROD04637,Brand_A,SELLER001,943,4.7,3100
PROD04612,Brand_F,SELLER066,121,4.0,1399
PROD01393,Brand_F,SELLER075,423,4.1,4051
PROD02089,Brand_C,SELLER068,186,4.6,3396
PROD02825,Brand_A,SELLER098,909,4.3,3512
PROD04983,Brand_G,SELLER077,367,2.9,4408
PROD03186,Brand_B,SELLER084,16,4.4,4096
PROD00006,Brand_H,SELLER019,863,4.9,4787
PROD01005,Brand_D,SELLER083,862,4.3,3826
PROD04224,Brand_D,SELLER071,354,4.3,3844
PROD01511,Brand_E,SELLER026,942,4.7,2717
PROD00297,Brand_F,SELLER072,395,3.0,3044
PROD00609,Brand_G,SELLER029,751,4.2,536
PROD04278,Brand_H,SELLER007,895,5.0,353
PROD01881,Brand_B,SELLER097,996,4.3,3050
PROD04441,Brand_C,SELLER088,804,3.9,2693
PROD01812,Brand_C,SELLER078,651,3.2,4536
PROD00253,Brand_B,SELLER089,376,4.9,4551
PROD00095,Brand_A,SELLER041,89,3.1,41
PROD03991,Brand_H,SELLER034,826,4.9,4099
PROD01561,Brand_G,SELLER008,543,4.6,965
PROD04059,Brand_B,SELLER072,287,2.7,2935
PROD03654,Brand_C,SELLER035,639,4.5,4994
PROD03137,Brand_B,SELLER059,13,3.9,328
PROD01522,Brand_B,SELLER091,481,4.6,3522
PROD02756,Brand_D,SELLER067,826,2.9,1862
PROD04361,Brand_D,SELLER090,359,2.5,2551
PROD04950,Brand_A,SELLER092,992,3.8,2200
PROD01802,Brand_C,SELLER029,288,4.1,4714
PROD02555,Brand_D,SELLER011,49,4.6,3460
PROD03541,Brand_H,SELLER034,971,3.6,3155
PROD02558,Brand_A,SELLER031,156,4.4,3318
PROD04414,Brand_C,SELLER095,519,4.5,260
PROD04905,Brand_E,SELLER019,804,3.0,3360
PROD02887,Brand_C,SELLER044,861,4.9,1379
PROD03548,Brand_G,SELLER076,728,4.2,4110
PROD00601,Brand_D,SELLER038,407,4.6,4500
PROD03779,Brand_F,SELLER005,78,3.7,954
PROD04880,Brand_B,SELLER001,187,4.3,3574
PROD00942,Brand_F,SELLER074,992,4.9,2377
PROD01629,Brand_B,SELLER031,602,4.3,3985
PROD00300,Brand_H,SELLER058,197,4.7,1339
PROD04650,Brand_E,SELLER055,49,3.8,840
PROD02750,Brand_E,SELLER034,912,4.3,3150
PROD04521,Brand_B,SELLER075,944,3.9,931
PROD03365,Brand_G,SELLER084,344,2.7,4754
PROD04246,Brand_E,SELLER081,130,4.7,561
PROD01063,Brand_A,SELLER020,731,4.6,2965
PROD02120,Brand_E,SELLER098,791,3.4,1191
PROD02183,Brand_B,SELLER087,65,4.5,1286
PROD04872,Brand_E,SELLER092,719,3.3,1805
PROD02450,Brand_C,SELLER079,934,3.6,4894
PROD01960,Brand_B,SELLER085,78,3.3,3365
PROD01697,Brand_H,SELLER016,156,2.7,1240
PROD04197,Brand_D,SELLER018,321,5.0,3268
PROD01060,Brand_C,SELLER006,618,3.8,3561
PROD04254,Brand_H,SELLER083,48,4.5,4575
PROD03570,Brand_H,SELLER017,945,5.0,2525
PROD03122,Brand_G,SELLER031,12,4.1,4193
PROD04356,Brand_C,SELLER063,169,4.6,1546
PROD02359,Brand_C,SELLER025,292,2.8,1592
PROD03070,Brand_D,SELLER091,138,3.0,4025
PROD03715,Brand_H,SELLER031,134,4.0,719
PROD02380,Brand_F,SELLER041,552,3.7,4598
PROD01250,Brand_H,SELLER017,318,4.5,1983
PROD04021,Brand_D,SELLER068,796,3.7,4867
PROD00405,Brand_A,SELLER073,414,2.7,1411
PROD01759,Brand_B,SELLER066,569,3.7,96
PROD00246,Brand_A,SELLER030,384,2.7,960
PROD00721,Brand_D,SELLER047,916,3.1,2727
PROD00515,Brand_H,SELLER065,315,4.4,49
PROD02237,Brand_G,SELLER081,190,2.6,361
PROD03384,Brand_B,SELLER047,159,4.6,2738
PROD04866,Brand_F,SELLER030,243,3.4,2309
PROD00084,Brand_H,SELLER038,352,4.9,3201
PROD01991,Brand_H,SELLER036,679,4.8,547
PROD00437,Brand_G,SELLER028,631,2.6,1134
PROD02686,Brand_F,SELLER004,20,2.9,3598
PROD03012,Brand_B,SELLER040,928,2.9,1317
PROD00818,Brand_D,SELLER094,321,4.7,3460
PROD00830,Brand_E,SELLER075,784,4.1,3521
PROD01040,Brand_A,SELLER098,444,4.6,852
PROD03876,Brand_C,SELLER067,477,3.1,4095
PROD03965,Brand_D,SELLER037,107,3.5,2054
PROD03768,Brand_F,SELLER026,181,4.3,969
PROD02053,Brand_C,SELLER060,367,3.1,417
PROD02573,Brand_G,SELLER084,585,3.0,4791
PROD04281,Brand_B,SELLER044,115,4.2,2937
PROD02234,Brand_G,SELLER027,772,3.2,2969
PROD04326,Brand_F,SELLER033,781,3.5,386
PROD00202,Brand_E,SELLER085,988,2.8,2261
PROD02991,Brand_H,SELLER024,622,4.1,690
PROD00980,Brand_E,SELLER004,565,4.2,3751
PROD03641,Brand_A,SELLER058,745,3.9,2730
PROD02975,Brand_C,SELLER002,439,4.8,872
PROD02458,Brand_H,SELLER047,374,4.5,100
PROD00055,Brand_E,SELLER085,488,4.6,1715
PROD03138,Brand_G,SELLER032,78,3.8,1432
PROD04830,Brand_C,SELLER034,985,3.4,4883
PROD02901,Brand_G,SELLER027,449,4.2,1388
PROD03477,Brand_A,SELLER049,714,3.5,3364
PROD03055,Brand_H,SELLER021,345,3.4,744
PROD01407,Brand_C,SELLER090,815,2.8,4617
PROD01002,Brand_C,SELLER009,61,2.6,4343
PROD03060,Brand_E,SELLER002,237,2.7,2618
PROD02226,Brand_B,SELLER039,430,3.5,975
PROD00823,Brand_A,SELLER070,313,3.3,2748
PROD00496,Brand_D,SELLER012,480,3.8,846
PROD04298,Brand_H,SELLER040,348,4.6,2801
PROD03376,Brand_D,SELLER021,281,4.5,4735
PROD03190,Brand_H,SELLER001,309,4.8,4950
PROD03154,Brand_F,SELLER006,262,3.5,745
PROD04736,Brand_D,SELLER013,345,2.6,4735
PROD00875,Brand_D,SELLER036,365,2.5,2588
PROD01571,Brand_A,SELLER019,784,3.1,4318
PROD01311,Brand_C,SELLER070,268,3.0,3150
PROD04729,Brand_G,SELLER042,56,2.9,4493
PROD00352,Brand_G,SELLER037,329,3.7,1650
PROD01021,Brand_G,SELLER052,321,3.0,3770
PROD04586,Brand_A,SELLER085,783,3.6,988
PROD02566,Brand_H,SELLER073,946,3.9,2940
PROD04834,Brand_A,SELLER041,895,4.3,245
PROD03785,Brand_A,SELLER052,584,4.6,1602
PROD01917,Brand_F,SELLER025,815,3.1,1480
PROD04500,Brand_A,SELLER027,559,3.0,3184
PROD01948,Brand_A,SELLER053,742,2.5,4387
PROD03631,Brand_C,SELLER022,357,2.6,4655
PROD04968,Brand_F,SELLER001,422,3.4,4430
PROD00220,Brand_G,SELLER059,477,4.3,4099
PROD01746,Brand_D,SELLER085,559,4.5,4173
PROD04889,Brand_F,SELLER008,520,3.1,2860
PROD00342,Brand_E,SELLER060,204,3.2,4551
PROD01579,Brand_D,SELLER065,763,4.0,1143
PROD02910,Brand_A,SELLER001,734,3.7,359
PROD04403,Brand_G,SELLER040,218,4.4,4078
PROD02463,Brand_A,SELLER027,838,3.2,1474
PROD01287,Brand_G,SELLER046,797,2.8,1128
PROD01752,Brand_E,SELLER018,161,4.9,1397
PROD02315,Brand_A,SELLER031,323,2.8,2337
PROD02927,Brand_A,SELLER011,381,5.0,2271
PROD02219,Brand_B,SELLER038,305,3.6,1326
PROD01684,Brand_H,SELLER031,268,2.6,2209
PROD01115,Brand_A,SELLER018,157,2.8,2814
PROD04756,Brand_A,SELLER048,203,3.9,2782
PROD01405,Brand_F,SELLER049,750,3.0,146
PROD00170,Brand_E,SELLER100,908,4.3,2692
PROD03557,Brand_B,SELLER009,266,4.3,643
PROD03907,Brand_A,SELLER066,413,4.2,4229
PROD00250,Brand_A,SELLER017,240,3.4,3447
PROD04018,Brand_G,SELLER089,313,3.3,240
PROD04739,Brand_G,SELLER066,84,4.2,4143
PROD04664,Brand_D,SELLER083,434,4.2,2755
PROD04591,Brand_B,SELLER024,726,4.4,3405
PROD04305,Brand_G,SELLER008,491,3.0,1650
PROD02010,Brand_H,SELLER042,51,4.0,279
PROD04711,Brand_C,SELLER089,345,3.1,1951
PROD03618,Brand_E,SELLER092,563,4.9,1164
PROD03513,Brand_D,SELLER014,53,3.7,3260
PROD02399,Brand_B,SELLER034,368,4.7,3433
PROD01303,Brand_D,SELLER017,22,3.2,3643
PROD04421,Brand_E,SELLER077,11,3.0,4872
PROD02015,Brand_E,SELLER022,848,2.9,3943
PROD04083,Brand_F,SELLER092,351,3.2,2021
PROD04844,Brand_G,SELLER034,497,4.9,4895
PROD04092,Brand_F,SELLER037,416,2.9,2865
PROD01734,Brand_H,SELLER026,969,3.9,1244
PROD04606,Brand_G,SELLER025,394,5.0,2846
PROD04402,Brand_G,SELLER047,377,4.2,4968
PROD00333,Brand_A,SELLER062,17,3.5,4004
PROD00648,Brand_E,SELLER082,551,3.6,1571
PROD04916,Brand_D,SELLER063,874,3.4,3015
PROD04971,Brand_F,SELLER068,293,4.4,4809
PROD02883,Brand_E,SELLER099,996,3.4,4641
PROD04929,Brand_H,SELLER100,677,2.7,2039
PROD00440,Brand_G,SELLER061,848,3.3,1285
PROD00404,Brand_F,SELLER044,852,4.5,4495
PROD01779,Brand_B,SELLER067,86,4.4,2386
PROD02045,Brand_C,SELLER061,615,3.2,1704
PROD04940,Brand_A,SELLER065,294,3.6,1046
PROD02358,Brand_H,SELLER024,819,3.7,4612
PROD04167,Brand_F,SELLER007,753,4.6,3612
PROD03385,Brand_H,SELLER011,160,2.6,1271
PROD03102,Brand_C,SELLER068,872,3.1,4967
PROD03374,Brand_B,SELLER052,347,2.8,387
PROD00072,Brand_D,SELLER028,69,4.1,300
PROD03249,Brand_F,SELLER076,362,3.0,2915
PROD02409,Brand_H,SELLER009,290,3.3,562
PROD02738,Brand_F,SELLER089,122,4.5,789
PROD02227,Brand_F,SELLER002,85,4.7,4526
PROD01667,Brand_A,SELLER079,454,4.0,3330
PROD04864,Brand_F,SELLER079,323,4.7,4404
PROD02849,Brand_G,SELLER077,974,2.7,1359
PROD03793,Brand_D,SELLER064,791,2.5,1242
PROD02495,Brand_B,SELLER071,623,2.9,3840
PROD00272,Brand_B,SELLER015,805,3.1,4520
PROD00205,Brand_B,SELLER069,909,4.0,2604
PROD02769,Brand_C,SELLER099,649,3.6,1436
PROD02620,Brand_D,SELLER030,980,3.0,3988
PROD04997,Brand_C,SELLER048,246,4.3,3533
PROD00690,Brand_B,SELLER099,110,4.6,85
PROD02958,Brand_A,SELLER018,261,3.6,767
PROD01465,Brand_A,SELLER057,593,3.7,930
PROD02523,Brand_B,SELLER088,855,3.0,3806
PROD03808,Brand_D,SELLER065,669,3.8,3532
PROD04087,Brand_A,SELLER032,782,4.5,893
PROD01989,Brand_H,SELLER036,950,4.8,1121
PROD00025,Brand_F,SELLER075,656,3.3,807
PROD02321,Brand_B,SELLER009,409,4.7,4756
PROD04718,Brand_A,SELLER098,406,2.7,1180
PROD03934,Brand_E,SELLER052,488,2.5,1751
PROD02457,Brand_F,SELLER093,584,4.0,4675
PROD04837,Brand_H,SELLER017,980,3.0,47
PROD03161,Brand_F,SELLER096,660,4.1,4494
PROD00493,Brand_H,SELLER086,793,4.9,1187
PROD00506,Brand_D,SELLER014,166,2.7,2566
PROD00555,Brand_E,SELLER014,276,4.1,3122
PROD04589,Brand_E,SELLER038,253,4.0,3792
PROD02660,Brand_G,SELLER001,992,4.2,2112
PROD04619,Brand_E,SELLER051,357,5.0,949
PROD02734,Brand_E,SELLER066,56,3.6,1569
PROD02016,Brand_H,SELLER064,243,3.5,4010
PROD01791,Brand_F,SELLER048,751,4.4,2813
PROD03062,Brand_G,SELLER070,980,2.8,519
PROD04533,Brand_D,SELLER004,511,4.8,4723
PROD01656,Brand_C,SELLER088,536,4.0,2913
PROD01545,Brand_D,SELLER083,269,4.6,2346
PROD01136,Brand_F,SELLER063,752,4.3,3417
PROD04644,Brand_D,SELLER005,584,4.5,3250
PROD01481,Brand_H,SELLER010,107,2.8,129
PROD02634,Brand_G,SELLER090,415,3.3,1420
PROD03311,Brand_F,SELLER033,3,4.3,595
PROD04306,Brand_H,SELLER033,159,3.9,1245
PROD01479,Brand_B,SELLER096,650,4.3,2280
PROD03199,Brand_E,SELLER030,879,4.9,572
PROD01427,Brand_G,SELLER065,52,3.1,4326
PROD03823,Brand_H,SELLER061,198,2.7,2079
PROD02674,Brand_A,SELLER029,67,4.5,3244
PROD01622,Brand_G,SELLER055,828,4.4,2291
PROD02393,Brand_D,SELLER046,40,2.6,2931
PROD03169,Brand_G,SELLER087,30,2.6,3124
PROD03753,Brand_G,SELLER097,413,4.1,1022
PROD03280,Brand_D,SELLER091,699,3.2,1980
PROD04746,Brand_E,SELLER036,723,3.6,4215
PROD01975,Brand_E,SELLER041,728,4.9,3601
PROD01047,Brand_B,SELLER070,461,2.7,3556
PROD04984,Brand_E,SELLER086,440,2.5,3700
PROD01899,Brand_H,SELLER096,667,3.9,4235
PROD04706,Brand_C,SELLER074,723,4.8,2639
PROD02937,Brand_H,SELLER065,920,4.3,2512
PROD04290,Brand_G,SELLER090,91,3.0,191
PROD00037,Brand_B,SELLER015,386,4.7,1809
PROD03679,Brand_B,SELLER087,389,3.8,780
PROD03868,Brand_A,SELLER007,558,3.2,4445
PROD03435,Brand_H,SELLER075,437,2.8,3262
PROD04452,Brand_D,SELLER003,266,4.5,3092
PROD04359,Brand_H,SELLER078,486,3.3,1113
PROD03704,Brand_F,SELLER099,33,2.7,4917
PROD01270,Brand_D,SELLER008,290,4.0,1804
PROD04111,Brand_C,SELLER035,363,4.5,4589
PROD03296,Brand_E,SELLER009,927,2.8,3718
PROD00501,Brand_C,SELLER096,956,4.4,3198
PROD04370,Brand_E,SELLER046,705,4.2,625
PROD03111,Brand_F,SELLER047,396,4.9,2413
PROD02861,Brand_F,SELLER063,335,3.2,4126
PROD01406,Brand_E,SELLER057,2,3.3,165
PROD01457,Brand_H,SELLER075,905,3.1,1661
PROD00985,Brand_G,SELLER028,910,4.8,2505
PROD02282,Brand_E,SELLER035,974,4.7,4713
PROD03256,Brand_C,SELLER014,871,4.9,1642
PROD02014,Brand_A,SELLER056,368,4.7,3415
PROD01897,Brand_A,SELLER034,465,4.8,4415
PROD03988,Brand_C,SELLER068,781,2.7,315
PROD04371,Brand_B,SELLER026,984,2.7,1569
PROD03958,Brand_A,SELLER031,86,3.3,1135
PROD03850,Brand_C,SELLER091,435,4.9,1389
PROD01804,Brand_C,SELLER057,458,2.8,3309
PROD04821,Brand_G,SELLER053,781,4.8,2248
PROD04590,Brand_D,SELLER064,363,2.9,1381
PROD03019,Brand_D,SELLER079,767,4.5,851
PROD03984,Brand_G,SELLER066,634,4.6,4959
PROD03977,Brand_C,SELLER014,53,3.2,1638
PROD03524,Brand_C,SELLER085,681,4.9,1819
PROD02869,Brand_G,SELLER055,804,3.0,4300
PROD04977,Brand_B,SELLER099,271,2.7,3922
PROD02317,Brand_A,SELLER034,800,3.3,4109
PROD00269,Brand_E,SELLER097,267,2.9,952
PROD03539,Brand_F,SELLER028,543,3.3,2857
PROD01813,Brand_E,SELLER068,581,2.5,670
PROD03609,Brand_F,SELLER036,541,4.3,254
PROD02052,Brand_G,SELLER050,259,4.5,578
PROD03467,Brand_C,SELLER047,433,2.7,3608
PROD01157,Brand_G,SELLER003,907,2.5,1118
PROD04925,Brand_F,SELLER005,260,4.0,1517
PROD00117,Brand_D,SELLER032,225,3.9,4446
PROD00562,Brand_F,SELLER046,811,2.8,2143
PROD03185,Brand_B,SELLER084,972,4.1,182
PROD00470,Brand_A,SELLER042,307,4.6,3544
PROD01042,Brand_E,SELLER009,162,4.6,4531
PROD04015,Brand_H,SELLER044,54,2.9,4295
PROD03023,Brand_A,SELLER061,915,3.4,2724
PROD03851,Brand_G,SELLER024,374,2.6,1302
PROD04073,Brand_E,SELLER020,853,4.1,1276
PROD02274,Brand_G,SELLER047,943,3.0,4611
PROD01888,Brand_F,SELLER002,272,3.3,1394
PROD03653,Brand_F,SELLER029,754,2.5,3207
PROD01887,Brand_G,SELLER032,102,4.5,1442
PROD03663,Brand_F,SELLER027,517,4.6,460
PROD03885,Brand_G,SELLER080,521,4.6,1516
PROD02668,Brand_D,SELLER050,158,3.4,3287
PROD01430,Brand_C,SELLER008,707,4.3,556
PROD04804,Brand_C,SELLER005,939,3.1,4028
PROD03966,Brand_F,SELLER031,8,3.4,2558
PROD03170,Brand_G,SELLER005,692,2.9,949
PROD01503,Brand_C,SELLER059,863,3.7,336
PROD02095,Brand_G,SELLER072,314,4.5,3957
PROD02982,Brand_B,SELLER008,427,4.7,175
PROD03447,Brand_G,SELLER093,790,4.4,2298
PROD01416,Brand_B,SELLER021,385,4.4,4014
PROD03020,Brand_E,SELLER010,62,4.8,1549
PROD03364,Brand_C,SELLER025,536,3.6,63
PROD01007,Brand_D,SELLER033,890,4.9,1635
PROD03627,Brand_G,SELLER083,912,4.5,2847
PROD00032,Brand_H,SELLER096,751,4.9,456
PROD03094,Brand_B,SELLER010,767,2.8,1430
PROD00529,Brand_F,SELLER073,207,3.5,4227
PROD04159,Brand_A,SELLER096,508,4.5,1261
PROD01536,Brand_H,SELLER071,423,3.0,3172
PROD02330,Brand_G,SELLER050,955,3.7,169
PROD02755,Brand_E,SELLER094,921,3.1,427
PROD02878,Brand_G,SELLER007,197,2.8,3080
PROD04836,Brand_E,SELLER084,268,4.0,1518
PROD03211,Brand_G,SELLER071,264,3.8,900
PROD00373,Brand_G,SELLER012,947,4.9,1377
PROD02733,Brand_F,SELLER006,840,4.3,543
PROD01630,Brand_B,SELLER019,143,4.2,4984
PROD04114,Brand_D,SELLER076,920,4.9,844
PROD00381,Brand_B,SELLER013,744,3.5,2211
PROD00305,Brand_H,SELLER078,805,4.4,2977
PROD01783,Brand_C,SELLER037,785,4.2,501
PROD04496,Brand_E,SELLER025,11,3.1,457
PROD00418,Brand_A,SELLER089,354,4.4,552
PROD04470,Brand_C,SELLER084,775,4.9,3281
PROD02532,Brand_D,SELLER044,978,4.9,1841
PROD02276,Brand_E,SELLER023,509,4.1,3138
PROD02326,Brand_H,SELLER009,241,2.7,4958
PROD04146,Brand_G,SELLER016,828,3.9,2984
PROD01567,Brand_A,SELLER018,231,4.5,2680
PROD02950,Brand_E,SELLER084,79,4.1,907
PROD04004,Brand_E,SELLER027,654,3.5,3969
PROD03597,Brand_D,SELLER028,705,2.6,2878
PROD01589,Brand_G,SELLER007,435,3.5,1441
PROD03463,Brand_H,SELLER010,855,4.5,3171
PROD00101,Brand_A,SELLER078,356,2.5,1065
PROD04524,Brand_C,SELLER005,546,3.8,1162
PROD03407,Brand_H,SELLER074,940,3.0,2401
PROD04565,Brand_A,SELLER004,474,4.7,294
PROD01417,Brand_D,SELLER064,650,2.7,3372
PROD04145,Brand_G,SELLER064,49,4.4,1016
PROD04095,Brand_D,SELLER090,741,4.3,969
PROD01521,Brand_G,SELLER089,401,3.1,324
PROD00379,Brand_E,SELLER098,998,4.7,1441
PROD03607,Brand_D,SELLER054,838,4.9,524
PROD04039,Brand_B,SELLER079,998,2.8,4070
PROD02296,Brand_E,SELLER012,115,4.9,4903
PROD02107,Brand_G,SELLER088,742,3.5,2277
PROD02323,Brand_E,SELLER026,261,2.6,2448
PROD00677,Brand_B,SELLER065,222,4.8,2415
PROD00778,Brand_A,SELLER057,974,5.0,2074
PROD02140,Brand_A,SELLER021,419,3.0,2347
PROD04265,Brand_A,SELLER080,893,4.6,1922
PROD03476,Brand_C,SELLER070,233,3.0,653
PROD00611,Brand_E,SELLER075,857,4.0,2389
PROD00475,Brand_G,SELLER037,188,5.0,4291
PROD00935,Brand_C,SELLER076,862,3.1,3727
PROD00799,Brand_C,SELLER022,169,3.1,1964
PROD03906,Brand_H,SELLER082,703,3.3,2679
PROD04413,Brand_D,SELLER036,193,4.2,1786
PROD00079,Brand_G,SELLER004,49,3.1,1063
PROD02484,Brand_D,SELLER095,552,3.0,1567
PROD04329,Brand_E,SELLER084,970,3.1,2969
PROD01103,Brand_C,SELLER037,32,3.9,2550
PROD00371,Brand_G,SELLER093,319,3.5,659
PROD03566,Brand_E,SELLER051,579,5.0,2514
PROD00957,Brand_C,SELLER048,761,3.6,546
PROD03689,Brand_H,SELLER047,911,3.7,1170
PROD03198,Brand_G,SELLER004,996,2.6,3359
PROD03681,Brand_D,SELLER090,995,2.6,153
PROD03303,Brand_G,SELLER065,46,3.0,1459
PROD03181,Brand_E,SELLER001,991,4.0,2980
PROD00519,Brand_B,SELLER088,171,4.9,2664
PROD04444,Brand_H,SELLER050,0,2.9,4855
PROD04871,Brand_C,SELLER068,814,3.1,2848
PROD00148,Brand_B,SELLER075,647,4.9,4292
PROD04209,Brand_D,SELLER071,220,3.2,2010
PROD03739,Brand_H,SELLER039,986,4.0,3680
PROD01717,Brand_A,SELLER056,596,2.8,2305
PROD00380,Brand_C,SELLER017,678,3.0,129
PROD02139,Brand_B,SELLER043,895,3.0,3199
PROD02588,Brand_E,SELLER068,811,2.6,2210
PROD03581,Brand_E,SELLER002,158,4.3,4347
PROD00467,Brand_B,SELLER029,312,2.6,847
PROD00345,Brand_C,SELLER083,744,3.2,4982
PROD02135,Brand_G,SELLER075,761,3.3,4092
PROD01449,Brand_E,SELLER057,718,4.3,807
PROD00644,Brand_B,SELLER096,11,2.9,2752
PROD04883,Brand_F,SELLER050,558,2.9,2254
PROD04050,Brand_E,SELLER095,871,4.4,150
PROD03741,Brand_A,SELLER030,876,4.2,791
PROD02297,Brand_B,SELLER008,331,3.8,4116
PROD00316,Brand_E,SELLER044,783,3.2,4552
PROD00044,Brand_H,SELLER015,970,3.3,4841
PROD03951,Brand_E,SELLER074,77,3.6,2455
PROD02579,Brand_G,SELLER100,647,3.0,1210
PROD00661,Brand_H,SELLER016,354,4.7,4216
PROD00201,Brand_D,SELLER063,378,3.1,4286
PROD03814,Brand_D,SELLER041,410,4.0,934
PROD03596,Brand_G,SELLER025,501,3.1,2327
PROD02353,Brand_B,SELLER035,732,4.6,4223
PROD01965,Brand_E,SELLER084,736,4.4,4473
PROD02924,Brand_E,SELLER025,165,3.8,2942
PROD02414,Brand_G,SELLER028,851,4.1,2270
PROD03027,Brand_H,SELLER018,405,4.2,3029
PROD04953,Brand_C,SELLER061,629,2.8,3799
PROD04699,Brand_D,SELLER075,36,4.8,3330
PROD01498,Brand_G,SELLER041,34,2.6,2134
PROD02488,Brand_G,SELLER049,410,4.8,469
PROD03595,Brand_E,SELLER035,635,3.4,3241
PROD03602,Brand_C,SELLER025,557,3.6,32
PROD01609,Brand_H,SELLER035,657,4.7,151
PROD00958,Brand_B,SELLER054,467,4.0,2942
PROD03293,Brand_F,SELLER043,220,4.3,64
PROD04963,Brand_D,SELLER031,555,2.6,236
PROD04074,Brand_H,SELLER057,185,3.8,2660
PROD00298,Brand_G,SELLER025,121,4.9,1949
PROD00448,Brand_H,SELLER030,588,3.3,2655
PROD04666,Brand_G,SELLER086,597,5.0,2218
PROD02930,Brand_D,SELLER073,636,4.6,2899
PROD01149,Brand_E,SELLER067,221,2.6,2252
PROD03752,Brand_A,SELLER030,499,2.6,4609
PROD00441,Brand_G,SELLER071,962,4.2,799
PROD04423,Brand_F,SELLER014,552,4.5,3853
PROD01065,Brand_B,SELLER047,247,3.2,3571
PROD04468,Brand_H,SELLER034,134,3.7,3544
PROD01582,Brand_C,SELLER068,797,2.9,4039
PROD03149,Brand_A,SELLER008,577,4.3,3894
PROD03392,Brand_D,SELLER013,526,5.0,811
PROD03084,Brand_F,SELLER042,154,4.7,3629
PROD03101,Brand_A,SELLER030,351,2.9,2729
PROD00481,Brand_E,SELLER060,104,2.8,656
PROD04948,Brand_B,SELLER021,648,4.7,1434
PROD01661,Brand_G,SELLER092,786,4.4,753
PROD01226,Brand_C,SELLER077,25,4.7,1495
PROD03730,Brand_B,SELLER023,525,4.9,474
PROD04868,Brand_A,SELLER022,280,4.0,3827
PROD04992,Brand_B,SELLER068,446,3.0,1646
PROD03930,Brand_C,SELLER062,952,3.5,4945
PROD04260,Brand_A,SELLER056,491,3.2,4384
PROD04998,Brand_D,SELLER024,395,2.7,2408
PROD01097,Brand_F,SELLER018,686,2.7,4450
PROD00841,Brand_B,SELLER073,473,3.1,3226
PROD01367,Brand_A,SELLER031,235,3.5,1769
PROD01359,Brand_H,SELLER056,340,3.6,1239
PROD01399,Brand_D,SELLER031,35,3.2,2151
PROD03702,Brand_A,SELLER005,275,3.2,2089
PROD02464,Brand_E,SELLER034,896,3.0,846
PROD02705,Brand_C,SELLER010,322,3.3,1431
PROD01255,Brand_D,SELLER054,582,3.5,639
PROD01155,Brand_G,SELLER063,322,3.2,4660
PROD01562,Brand_C,SELLER085,458,2.7,4518
PROD01424,Brand_B,SELLER032,544,4.9,2012
PROD03871,Brand_E,SELLER049,359,3.3,2560
PROD04309,Brand_C,SELLER036,689,2.9,4008
PROD00528,Brand_F,SELLER095,562,3.5,1602
PROD02272,Brand_E,SELLER031,329,4.8,4786
PROD04681,Brand_H,SELLER041,413,4.4,3494
PROD01029,Brand_G,SELLER082,189,3.0,1578
PROD00096,Brand_F,SELLER021,946,3.3,4770
PROD02196,Brand_H,SELLER047,946,4.1,4273
PROD01322,Brand_C,SELLER097,100,4.4,4745
PROD04865,Brand_H,SELLER023,270,4.0,291
PROD04553,Brand_F,SELLER073,386,2.6,4265
PROD03843,Brand_A,SELLER071,824,3.5,3913
PROD00152,Brand_E,SELLER004,942,2.6,3052
PROD00761,Brand_H,SELLER043,10,4.7,1216
PROD01623,Brand_C,SELLER083,285,4.5,2275
PROD01542,Brand_H,SELLER044,875,3.2,4272
PROD00789,Brand_F,SELLER021,739,4.9,2309
PROD01681,Brand_G,SELLER060,294,2.6,2085
PROD03529,Brand_C,SELLER038,76,3.3,4801
PROD03322,Brand_H,SELLER087,714,3.7,415
PROD03505,Brand_C,SELLER082,268,4.7,977
PROD00978,Brand_F,SELLER097,804,4.2,3368
PROD04194,Brand_D,SELLER018,765,3.2,4416
PROD01064,Brand_F,SELLER012,19,4.0,465
PROD01652,Brand_E,SELLER059,70,3.4,3846
PROD01878,Brand_D,SELLER021,517,4.5,4720
PROD00280,Brand_C,SELLER069,402,4.7,2533
PROD02034,Brand_D,SELLER077,269,4.9,439
PROD01299,Brand_C,SELLER079,72,4.0,1874
PROD01968,Brand_E,SELLER067,922,4.4,243
PROD02021,Brand_H,SELLER047,816,3.9,3928
PROD02201,Brand_C,SELLER041,30,4.3,1630
PROD01285,Brand_A,SELLER065,345,2.6,2805
PROD03306,Brand_D,SELLER075,279,2.7,874
PROD03343,Brand_A,SELLER034,460,3.9,3387
PROD04833,Brand_B,SELLER088,43,4.4,2930
PROD00137,Brand_D,SELLER076,476,3.2,999
PROD02131,Brand_F,SELLER038,993,4.7,4478
PROD02411,Brand_F,SELLER024,23,4.1,4371
PROD03034,Brand_F,SELLER005,26,2.9,346
PROD02223,Brand_C,SELLER091,263,3.9,54
PROD04418,Brand_H,SELLER087,415,2.9,1965
PROD01129,Brand_F,SELLER071,720,4.4,2118
PROD01421,Brand_D,SELLER055,117,3.3,2739
PROD01340,Brand_B,SELLER037,190,4.6,1331
PROD00315,Brand_F,SELLER086,84,3.0,1062
PROD02680,Brand_E,SELLER092,781,4.0,133
PROD03668,Brand_F,SELLER041,487,3.8,1175
PROD02306,Brand_B,SELLER051,74,2.7,4133
PROD01028,Brand_H,SELLER055,582,2.9,1161
PROD00598,Brand_G,SELLER066,661,3.7,684
PROD02583,Brand_G,SELLER064,65,3.9,4533
PROD01210,Brand_G,SELLER024,369,3.9,1531
PROD04738,Brand_C,SELLER034,457,4.2,1520
PROD04760,Brand_E,SELLER097,653,2.9,213
PROD03914,Brand_G,SELLER077,629,4.7,252
PROD01027,Brand_D,SELLER037,340,4.0,4156
PROD02799,Brand_H,SELLER065,390,4.8,1177
PROD03095,Brand_C,SELLER042,652,3.8,2773
PROD03120,Brand_G,SELLER096,18,3.8,315
PROD02859,Brand_E,SELLER089,37,3.0,3244
PROD02735,Brand_B,SELLER003,336,4.9,1497
PROD03112,Brand_G,SELLER058,163,3.1,4425
PROD02386,Brand_B,SELLER090,24,3.0,449
PROD02879,Brand_G,SELLER042,909,3.7,1714
PROD02344,Brand_H,SELLER016,248,4.1,87
PROD01383,Brand_F,SELLER020,587,3.2,3202
PROD04741,Brand_E,SELLER067,227,2.7,54
PROD02614,Brand_G,SELLER050,663,2.5,2796
PROD01267,Brand_A,SELLER041,267,3.6,4683
PROD01366,Brand_G,SELLER014,576,3.4,1350
PROD02207,Brand_E,SELLER078,480,3.3,4601
PROD04223,Brand_H,SELLER001,61,2.6,4613
PROD02252,Brand_A,SELLER048,149,3.0,1461
PROD02216,Brand_H,SELLER050,523,3.0,2418
PROD02404,Brand_G,SELLER039,593,2.8,3268
PROD03482,Brand_F,SELLER083,79,3.2,1479
PROD02172,Brand_A,SELLER067,889,2.5,1970
PROD02551,Brand_H,SELLER064,424,4.5,2319
PROD04624,Brand_H,SELLER064,942,3.4,435
PROD02728,Brand_A,SELLER005,246,4.3,3864
PROD01487,Brand_B,SELLER018,682,3.4,4238
PROD02710,Brand_E,SELLER087,18,4.6,1369
PROD04391,Brand_B,SELLER091,660,4.0,824
PROD04150,Brand_D,SELLER045,601,2.9,4425
PROD04308,Brand_F,SELLER032,892,3.3,2282
PROD01659,Brand_G,SELLER055,214,2.6,2446
PROD00892,Brand_B,SELLER028,319,2.5,2218
PROD01408,Brand_H,SELLER080,916,4.1,2422
PROD03400,Brand_A,SELLER034,324,3.2,2609
PROD00653,Brand_A,SELLER058,395,4.3,978
PROD01058,Brand_B,SELLER071,577,3.4,3838
PROD03227,Brand_B,SELLER063,161,3.1,3327
PROD00215,Brand_G,SELLER013,838,3.2,4534
PROD01627,Brand_B,SELLER060,541,4.3,3652
PROD03589,Brand_F,SELLER007,114,4.3,2603
PROD03770,Brand_B,SELLER095,990,3.2,110
PROD02249,Brand_C,SELLER076,432,2.6,4057
PROD03528,Brand_F,SELLER100,372,4.5,4460
PROD03751,Brand_H,SELLER027,370,3.7,3292
PROD01531,Brand_B,SELLER075,244,3.8,4373
PROD02441,Brand_B,SELLER099,365,4.9,4955
PROD01794,Brand_A,SELLER082,861,3.2,1547
PROD01344,Brand_H,SELLER040,78,4.6,4830
PROD00717,Brand_C,SELLER002,553,4.7,4061
PROD02902,Brand_G,SELLER020,770,4.4,3549
PROD00540,Brand_G,SELLER005,979,4.5,4348
PROD00191,Brand_F,SELLER039,996,3.5,3544
PROD01453,Brand_D,SELLER040,249,2.7,4045
PROD01120,Brand_E,SELLER091,490,3.1,3229
PROD02041,Brand_G,SELLER066,289,3.8,1365
PROD04262,Brand_B,SELLER007,729,4.7,4334
PROD02790,Brand_F,SELLER047,294,3.6,4016
PROD04433,Brand_A,SELLER005,732,3.8,2936
PROD04196,Brand_A,SELLER100,608,3.2,2210
PROD00038,Brand_D,SELLER016,1,2.6,3286
PROD03028,Brand_C,SELLER022,613,3.4,2102
PROD04324,Brand_E,SELLER040,988,3.5,757
PROD00194,Brand_A,SELLER025,61,3.1,137
PROD03664,Brand_G,SELLER096,789,3.0,4007
PROD03216,Brand_G,SELLER012,378,2.6,3997
PROD02472,Brand_D,SELLER074,162,3.4,3053
PROD00242,Brand_E,SELLER097,34,3.1,3827
PROD01099,Brand_D,SELLER099,996,3.3,4159
PROD03536,Brand_H,SELLER079,990,2.9,4120
PROD00114,Brand_B,SELLER050,349,2.5,3520
PROD02471,Brand_D,SELLER013,226,2.6,4086
PROD03598,Brand_G,SELLER092,247,3.1,1957
PROD04005,Brand_G,SELLER014,955,4.2,816
PROD04048,Brand_H,SELLER048,468,4.1,4857
PROD02736,Brand_D,SELLER021,714,2.8,3527
PROD00928,Brand_B,SELLER055,317,4.4,1139
PROD04677,Brand_G,SELLER082,342,4.1,2217
PROD01928,Brand_G,SELLER046,688,4.1,4914
PROD04625,Brand_H,SELLER018,629,3.6,1364
PROD00774,Brand_G,SELLER075,240,4.4,4420
PROD03561,Brand_D,SELLER025,151,4.8,4962
PROD00650,Brand_G,SELLER049,583,2.6,3395
PROD00981,Brand_G,SELLER068,130,4.8,2740
PROD00224,Brand_A,SELLER043,218,2.7,645
PROD04985,Brand_H,SELLER033,265,4.6,1347
PROD00238,Brand_H,SELLER099,618,3.5,2801
PROD02370,Brand_D,SELLER056,641,4.2,3963
PROD02952,Brand_C,SELLER051,372,4.4,730
PROD02100,Brand_A,SELLER075,483,4.8,4359
PROD00020,Brand_A,SELLER032,570,3.7,3060
PROD04621,Brand_A,SELLER090,66,3.0,1122
PROD03126,Brand_H,SELLER086,754,3.3,4571
PROD02307,Brand_E,SELLER060,340,3.0,2114
PROD01326,Brand_D,SELLER028,240,3.2,3240
PROD04858,Brand_A,SELLER022,363,4.6,4525
PROD01160,Brand_F,SELLER012,891,2.6,4796
PROD03810,Brand_C,SELLER062,621,4.9,1331
PROD00068,Brand_C,SELLER055,521,4.6,1011
PROD00965,Brand_G,SELLER038,715,3.6,684
PROD01280,Brand_C,SELLER028,558,3.9,4236
PROD03799,Brand_E,SELLER066,732,4.2,1300
PROD00453,Brand_F,SELLER047,109,3.4,3054
PROD01437,Brand_G,SELLER023,170,4.4,4998
PROD04081,Brand_F,SELLER098,152,3.6,537
PROD01266,Brand_G,SELLER095,460,3.7,3486
PROD01955,Brand_A,SELLER092,340,3.8,698
PROD04656,Brand_E,SELLER040,416,2.5,1473
PROD02971,Brand_C,SELLER016,22,4.5,1373
PROD02217,Brand_D,SELLER009,265,2.6,4218
PROD01360,Brand_C,SELLER003,40,3.1,2246
PROD04508,Brand_B,SELLER031,191,3.2,2301
PROD00597,Brand_C,SELLER001,745,3.8,3506
PROD03067,Brand_B,SELLER093,394,3.7,1944
PROD00391,Brand_D,SELLER017,820,3.4,1569
PROD01653,Brand_H,SELLER100,817,3.3,3274
PROD01769,Brand_A,SELLER044,474,4.5,4056
PROD01293,Brand_D,SELLER064,439,3.1,372
PROD02832,Brand_B,SELLER043,655,3.3,4959
PROD03585,Brand_H,SELLER053,36,3.3,4712
PROD02078,Brand_B,SELLER057,207,3.0,2744
PROD04761,Brand_E,SELLER031,986,2.9,2901
PROD04195,Brand_E,SELLER100,362,4.8,3345
PROD02990,Brand_H,SELLER005,722,2.5,4070
PROD00854,Brand_G,SELLER022,126,2.7,1078
PROD00759,Brand_C,SELLER086,99,4.9,856
PROD04584,Brand_F,SELLER098,78,3.3,559
PROD01090,Brand_H,SELLER026,169,4.4,1797
PROD03025,Brand_C,SELLER012,672,2.9,2690
PROD03394,Brand_A,SELLER008,72,3.8,1861
PROD03523,Brand_B,SELLER062,113,3.6,857
PROD00471,Brand_B,SELLER024,42,3.9,2636
PROD02639,Brand_F,SELLER081,957,4.5,3309
PROD04969,Brand_D,SELLER064,617,5.0,3050
PROD02844,Brand_B,SELLER054,148,3.0,1505
PROD01233,Brand_E,SELLER007,376,3.5,647
PROD01253,Brand_A,SELLER034,232,3.1,3830
PROD00768,Brand_E,SELLER027,765,3.2,938
PROD00910,Brand_C,SELLER066,483,4.9,64
PROD03780,Brand_C,SELLER027,419,4.3,4315
PROD02916,Brand_C,SELLER056,824,3.9,1159
PROD02040,Brand_A,SELLER026,438,2.9,2043
PROD00617,Brand_C,SELLER089,869,4.0,3668
PROD00735,Brand_A,SELLER065,424,5.0,1632
PROD04723,Brand_G,SELLER095,94,4.1,4716
PROD02481,Brand_A,SELLER002,620,2.6,2325
PROD03580,Brand_D,SELLER069,497,4.6,4348
PROD03011,Brand_A,SELLER070,651,4.8,2094
PROD04084,Brand_B,SELLER099,892,4.5,2841
PROD02706,Brand_D,SELLER096,456,4.9,2535
PROD01102,Brand_B,SELLER052,984,3.5,1596
PROD02640,Brand_F,SELLER100,550,3.9,3846
PROD04672,Brand_D,SELLER026,501,3.7,1195
PROD02994,Brand_E,SELLER034,187,3.7,1663
PROD02938,Brand_B,SELLER065,146,4.6,1030
PROD00806,Brand_B,SELLER032,885,2.7,2953
PROD01415,Brand_F,SELLER030,122,3.5,1612
PROD04802,Brand_E,SELLER092,991,4.1,3047
PROD02253,Brand_H,SELLER039,834,3.0,4373
PROD03875,Brand_F,SELLER079,817,4.8,694
PROD00439,Brand_E,SELLER022,108,4.4,4444
PROD03820,Brand_H,SELLER067,511,3.9,2319
PROD01312,Brand_E,SELLER081,714,3.4,3298
PROD04572,Brand_G,SELLER009,998,3.9,3746
PROD03616,Brand_A,SELLER022,664,4.9,3766
PROD01525,Brand_D,SELLER052,549,3.6,3007
PROD03520,Brand_C,SELLER081,649,3.6,4558
PROD04157,Brand_H,SELLER039,653,4.7,4820
PROD00017,Brand_E,SELLER082,900,5.0,3025
PROD00233,Brand_C,SELLER014,315,3.8,860
PROD00914,Brand_F,SELLER075,950,4.6,2256
PROD02914,Brand_H,SELLER076,779,2.6,3313
PROD03014,Brand_E,SELLER024,0,4.3,3577
PROD02605,Brand_D,SELLER042,955,3.9,4110
PROD04490,Brand_G,SELLER060,441,3.7,4804
PROD03678,Brand_G,SELLER094,573,3.5,4757
PROD00165,Brand_H,SELLER049,872,3.7,1468
PROD02688,Brand_F,SELLER081,27,4.1,2733
PROD00423,Brand_F,SELLER008,134,3.9,1118
PROD00043,Brand_H,SELLER031,892,3.9,1427
PROD01880,Brand_E,SELLER077,323,3.5,330
PROD01195,Brand_G,SELLER049,119,4.1,988
PROD01284,Brand_C,SELLER100,964,4.8,2276
PROD02295,Brand_G,SELLER095,343,3.3,4293
PROD04901,Brand_B,SELLER015,925,3.3,1078
PROD04768,Brand_A,SELLER018,505,4.7,283
PROD02460,Brand_G,SELLER052,727,3.7,3647
PROD03948,Brand_F,SELLER017,718,4.6,1528
PROD03675,Brand_H,SELLER030,192,3.3,1137
PROD00719,Brand_E,SELLER069,363,4.8,4681
PROD03538,Brand_E,SELLER004,887,2.8,4880
PROD04164,Brand_H,SELLER017,49,2.9,571
PROD02292,Brand_C,SELLER017,281,4.2,1293
PROD03723,Brand_A,SELLER076,633,4.3,1773
PROD00814,Brand_C,SELLER005,145,4.3,3928
PROD02012,Brand_D,SELLER059,124,4.1,4573
PROD03269,Brand_G,SELLER087,176,4.5,3138
PROD02761,Brand_G,SELLER005,608,4.2,2959
PROD02003,Brand_B,SELLER034,403,4.6,3999
PROD03713,Brand_G,SELLER056,766,4.8,4020
PROD00551,Brand_E,SELLER054,962,4.0,1602
PROD00779,Brand_B,SELLER089,948,4.1,736
PROD02024,Brand_C,SELLER016,519,4.2,2901
PROD04415,Brand_B,SELLER016,875,3.6,2406
PROD00476,Brand_F,SELLER092,596,3.9,1741
PROD01501,Brand_H,SELLER049,184,3.7,3954
PROD00791,Brand_D,SELLER026,984,4.0,3215
PROD03909,Brand_D,SELLER083,106,4.9,3966
PROD00790,Brand_H,SELLER018,959,4.8,911
PROD01676,Brand_D,SELLER095,873,4.2,1961
PROD03619,Brand_F,SELLER036,258,3.8,4680
PROD00009,Brand_E,SELLER038,143,4.4,2584
PROD04144,Brand_B,SELLER024,57,4.2,1504
PROD04763,Brand_D,SELLER083,718,3.3,1203
PROD02685,Brand_C,SELLER063,926,3.3,1967
PROD04686,Brand_D,SELLER042,385,2.5,1150
PROD02075,Brand_H,SELLER017,208,3.8,619
PROD02236,Brand_B,SELLER083,717,2.8,1164
PROD04945,Brand_C,SELLER041,229,2.6,1114
PROD03869,Brand_B,SELLER030,852,3.4,2788
PROD01952,Brand_C,SELLER047,309,4.1,55
PROD02352,Brand_E,SELLER062,603,5.0,4583
PROD04070,Brand_B,SELLER094,448,4.7,2492
PROD00663,Brand_B,SELLER090,906,2.9,851
PROD01738,Brand_E,SELLER074,363,4.0,1220
PROD01709,Brand_E,SELLER085,904,4.6,2065
PROD04735,Brand_C,SELLER081,893,4.5,1052
PROD04527,Brand_E,SELLER004,768,4.6,3602
PROD00438,Brand_A,SELLER082,141,4.2,4577
PROD04454,Brand_G,SELLER008,71,4.7,702
PROD04338,Brand_G,SELLER027,1000,4.3,2740
PROD03994,Brand_G,SELLER086,636,3.9,1056
PROD03462,Brand_A,SELLER017,608,3.7,3743
PROD03413,Brand_F,SELLER060,748,3.5,892
PROD00801,Brand_H,SELLER040,59,3.4,594
PROD02986,Brand_E,SELLER026,846,3.0,884
PROD04453,Brand_A,SELLER013,825,3.0,4337
PROD01382,Brand_B,SELLER052,738,3.3,1027
PROD02956,Brand_B,SELLER041,684,4.5,1255
PROD01394,Brand_C,SELLER092,676,4.7,4223
PROD00227,Brand_B,SELLER094,978,2.7,600
PROD01990,Brand_H,SELLER095,609,4.5,3596
PROD04026,Brand_B,SELLER068,87,3.1,1967
PROD00407,Brand_G,SELLER005,408,4.8,1902
PROD04999,Brand_F,SELLER006,976,2.7,775
PROD01502,Brand_G,SELLER009,800,3.7,1543
PROD04615,Brand_B,SELLER071,769,4.6,3397
PROD00508,Brand_H,SELLER025,353,3.2,2388
PROD04607,Brand_H,SELLER081,493,3.0,1599
PROD02578,Brand_A,SELLER096,895,3.2,3609
PROD01046,Brand_C,SELLER014,218,3.0,151
PROD02751,Brand_G,SELLER084,501,2.5,1905
PROD02346,Brand_C,SELLER063,0,3.2,3957
PROD03441,Brand_D,SELLER005,894,3.8,778
PROD01091,Brand_H,SELLER015,470,4.3,4505
PROD03218,Brand_D,SELLER020,643,4.3,491
PROD01433,Brand_F,SELLER058,597,2.5,2761
PROD00102,Brand_C,SELLER027,741,3.6,3196
PROD02497,Brand_D,SELLER073,610,4.0,4092
PROD02453,Brand_E,SELLER099,390,2.5,3573
PROD00018,Brand_H,SELLER027,188,4.3,836
PROD03290,Brand_A,SELLER071,907,2.5,883
PROD00014,Brand_G,SELLER100,558,4.1,3053
PROD00574,Brand_D,SELLER037,690,2.8,3537
PROD03015,Brand_F,SELLER024,817,2.9,2749
PROD03107,Brand_D,SELLER056,239,4.6,1594
PROD04220,Brand_E,SELLER070,322,3.5,4302
PROD02737,Brand_A,SELLER019,615,3.2,2218
PROD01594,Brand_F,SELLER021,435,2.6,4449
PROD03417,Brand_B,SELLER054,87,4.1,1085
PROD01557,Brand_C,SELLER071,735,3.0,1527
PROD03833,Brand_E,SELLER059,70,4.5,3679
PROD02448,Brand_E,SELLER100,183,4.5,2857
PROD00174,Brand_H,SELLER028,698,2.7,3757
PROD04261,Brand_C,SELLER056,14,2.6,3985
PROD01906,Brand_G,SELLER056,101,4.9,1210
PROD03395,Brand_E,SELLER015,346,2.9,292
PROD01986,Brand_H,SELLER058,648,3.8,3872
PROD03839,Brand_G,SELLER016,105,3.9,4104
PROD02465,Brand_B,SELLER091,29,3.8,2410
PROD00710,Brand_A,SELLER014,936,4.2,2036
PROD01855,Brand_D,SELLER085,312,4.7,758
PROD04676,Brand_A,SELLER045,4,2.6,2035
PROD00560,Brand_D,SELLER099,292,5.0,3728
PROD04545,Brand_F,SELLER047,561,4.9,4681
PROD03147,Brand_F,SELLER070,62,4.0,2831
PROD01150,Brand_G,SELLER069,139,3.9,641
PROD01015,Brand_H,SELLER014,818,4.5,3571
PROD04426,Brand_C,SELLER084,681,4.8,4951
PROD04407,Brand_C,SELLER067,121,3.1,2198
PROD02431,Brand_B,SELLER051,411,2.6,1856
PROD03773,Brand_E,SELLER013,9,3.5,4702
PROD04875,Brand_C,SELLER013,757,4.5,4224
PROD03494,Brand_H,SELLER074,502,4.3,1961
PROD00931,Brand_H,SELLER020,304,2.9,2126
PROD03582,Brand_G,SELLER038,683,4.8,2170
PROD03826,Brand_G,SELLER100,348,2.6,4010
PROD04419,Brand_A,SELLER024,15,4.4,3954
PROD02658,Brand_E,SELLER046,502,4.4,1686
PROD02836,Brand_C,SELLER077,97,4.5,1681
PROD04170,Brand_C,SELLER057,28,3.8,1601
PROD03398,Brand_G,SELLER001,885,3.5,1930
PROD00662,Brand_B,SELLER022,785,3.9,1016
PROD03981,Brand_H,SELLER054,597,4.4,4741
PROD02936,Brand_F,SELLER037,986,2.9,2703
PROD00231,Brand_B,SELLER082,770,2.8,1718
PROD01454,Brand_B,SELLER039,627,4.4,855
PROD04800,Brand_C,SELLER058,707,3.2,2932
PROD03832,Brand_A,SELLER035,848,4.3,1694
PROD04936,Brand_D,SELLER084,853,4.9,951
PROD01380,Brand_F,SELLER078,767,2.6,2832
PROD04082,Brand_H,SELLER038,808,4.1,3752
PROD00903,Brand_A,SELLER019,343,3.0,2458
PROD02941,Brand_D,SELLER094,440,4.6,4811
PROD00955,Brand_C,SELLER059,226,4.9,3343
PROD04651,Brand_H,SELLER069,425,3.1,2610
PROD00993,Brand_H,SELLER009,9,3.3,986
PROD00499,Brand_D,SELLER025,234,4.5,2002
PROD03985,Brand_B,SELLER066,452,2.7,4746
PROD00696,Brand_H,SELLER033,19,3.7,3833
PROD00984,Brand_H,SELLER028,245,3.4,2069
PROD02081,Brand_A,SELLER006,184,3.3,731
PROD02364,Brand_C,SELLER077,665,3.6,4582
PROD00357,Brand_H,SELLER001,262,3.3,2913
PROD02092,Brand_B,SELLER081,492,3.2,3614
PROD02365,Brand_B,SELLER024,382,3.8,2699
PROD01691,Brand_B,SELLER071,845,2.5,730
PROD01076,Brand_C,SELLER090,711,4.1,1237
PROD04754,Brand_D,SELLER051,161,3.1,1836
PROD04416,Brand_C,SELLER007,356,4.2,1232
PROD02606,Brand_F,SELLER032,276,4.2,2888
PROD04304,Brand_C,SELLER071,546,4.0,1367
PROD03594,Brand_D,SELLER004,346,2.6,496
PROD00646,Brand_H,SELLER031,840,4.8,3065
PROD03210,Brand_D,SELLER056,557,3.2,1975
PROD00507,Brand_F,SELLER058,539,3.3,1823
PROD04225,Brand_G,SELLER100,515,3.0,1227
PROD04231,Brand_D,SELLER010,185,4.0,296
PROD01224,Brand_B,SELLER075,910,3.2,2163
PROD01054,Brand_B,SELLER071,174,3.2,2804
PROD01890,Brand_B,SELLER097,840,4.2,4406
PROD01496,Brand_D,SELLER064,355,5.0,4860
PROD04489,Brand_G,SELLER012,234,2.6,2001
PROD04585,Brand_C,SELLER024,891,3.3,174
PROD02033,Brand_C,SELLER023,359,4.5,2871
PROD04017,Brand_C,SELLER036,858,3.0,4960
PROD00724,Brand_G,SELLER002,0,4.7,707
PROD02177,Brand_C,SELLER058,81,2.6,3735
PROD00527,Brand_G,SELLER051,213,4.9,4270
PROD00964,Brand_B,SELLER024,602,4.2,1889
PROD03257,Brand_A,SELLER045,357,3.7,4531
PROD04620,Brand_C,SELLER078,795,3.1,2804
PROD03079,Brand_E,SELLER048,794,4.5,2668
PROD01604,Brand_E,SELLER017,669,4.9,3102
PROD04237,Brand_G,SELLER094,880,4.1,3975
PROD01786,Brand_G,SELLER021,606,3.6,4457
PROD01356,Brand_G,SELLER098,72,3.5,4842
PROD00160,Brand_C,SELLER065,651,3.5,2481
PROD04655,Brand_F,SELLER068,730,4.5,399
PROD02743,Brand_A,SELLER056,169,5.0,4162
PROD00395,Brand_C,SELLER065,417,4.5,2470
PROD03021,Brand_G,SELLER082,241,2.7,4940
PROD03367,Brand_E,SELLER046,596,4.8,3268
PROD01868,Brand_C,SELLER039,873,4.2,3337
PROD00329,Brand_D,SELLER028,702,4.8,935
PROD01365,Brand_D,SELLER091,12,3.8,648
PROD01748,Brand_G,SELLER042,273,4.8,2995
PROD02124,Brand_F,SELLER049,329,4.4,343
PROD02184,Brand_D,SELLER069,111,4.5,3440
PROD00659,Brand_F,SELLER082,199,4.5,309
PROD01207,Brand_D,SELLER031,337,2.8,3182
PROD01559,Brand_F,SELLER033,586,4.9,418
PROD00302,Brand_E,SELLER053,244,4.5,1243
PROD02200,Brand_D,SELLER086,473,3.3,1183
PROD02406,Brand_H,SELLER011,506,4.2,1192
PROD00969,Brand_B,SELLER068,318,3.3,1855
PROD03072,Brand_G,SELLER015,33,3.9,1391
PROD00263,Brand_D,SELLER038,48,4.5,2310
PROD01931,Brand_A,SELLER030,827,3.1,3432
PROD01059,Brand_B,SELLER031,407,3.7,3751
PROD04102,Brand_G,SELLER060,251,4.9,3062
PROD01930,Brand_E,SELLER092,446,3.7,660
PROD04497,Brand_C,SELLER010,228,4.5,4906
PROD03440,Brand_D,SELLER002,169,4.0,2236
PROD00094,Brand_D,SELLER076,851,3.0,1626
PROD01660,Brand_F,SELLER083,242,4.0,1377
PROD04557,Brand_H,SELLER096,493,4.5,2963
PROD00979,Brand_A,SELLER097,535,3.1,3994
PROD00421,Brand_A,SELLER062,726,3.3,2698
PROD00446,Brand_F,SELLER072,782,2.7,3563
PROD00354,Brand_G,SELLER015,565,4.4,1986
PROD04255,Brand_F,SELLER091,857,2.6,3117
PROD03931,Brand_C,SELLER045,560,2.8,951
PROD03613,Brand_H,SELLER087,811,2.9,4965
PROD00256,Brand_A,SELLER057,619,4.0,2453
PROD02811,Brand_C,SELLER080,293,3.1,20
PROD00464,Brand_F,SELLER041,411,4.4,4833
PROD03733,Brand_B,SELLER089,157,4.3,4938
PROD00629,Brand_C,SELLER030,231,3.0,826
PROD01505,Brand_A,SELLER080,344,4.6,1386
PROD04609,Brand_F,SELLER083,555,2.7,1350
PROD00214,Brand_C,SELLER046,776,4.6,4394
PROD02870,Brand_H,SELLER095,529,4.3,4852
PROD01116,Brand_D,SELLER031,827,4.6,1948
PROD01552,Brand_C,SELLER003,646,3.9,2862
PROD00626,Brand_B,SELLER062,57,4.8,4679
PROD03285,Brand_E,SELLER057,652,5.0,2378
PROD00836,Brand_H,SELLER036,915,3.9,3368
PROD00947,Brand_C,SELLER066,385,4.0,4483
PROD03719,Brand_H,SELLER087,580,4.0,1394
PROD02915,Brand_A,SELLER049,796,3.0,2037
PROD00182,Brand_E,SELLER020,936,4.8,4662
PROD00452,Brand_D,SELLER051,162,2.7,4534
PROD04698,Brand_C,SELLER027,787,4.3,3500
PROD03487,Brand_C,SELLER046,225,4.8,802
PROD03474,Brand_A,SELLER029,354,3.6,3533
PROD04055,Brand_B,SELLER077,399,3.5,4711
PROD00337,Brand_E,SELLER062,989,2.9,349
PROD00189,Brand_A,SELLER062,173,4.1,3523
PROD00739,Brand_C,SELLER002,638,4.2,4458
PROD01822,Brand_G,SELLER009,766,4.4,1175
PROD03073,Brand_A,SELLER084,418,4.0,2293
PROD04643,Brand_E,SELLER055,103,2.6,4986
PROD00087,Brand_F,SELLER047,818,2.9,349
PROD01074,Brand_H,SELLER046,553,3.0,2900
PROD02866,Brand_C,SELLER049,976,3.7,1104
PROD00030,Brand_H,SELLER072,86,3.2,32
PROD02729,Brand_G,SELLER025,150,3.1,2659
PROD02270,Brand_D,SELLER099,828,4.6,4336
PROD04251,Brand_C,SELLER056,754,4.0,4304
PROD02143,Brand_D,SELLER019,830,4.6,3619
PROD01151,Brand_F,SELLER079,811,4.9,4485
PROD04465,Brand_F,SELLER086,171,2.6,3850
PROD02665,Brand_C,SELLER027,95,4.8,213
PROD03666,Brand_H,SELLER023,322,3.6,3946
PROD04494,Brand_A,SELLER005,833,4.1,956
PROD02874,Brand_E,SELLER072,53,3.3,1605
PROD01163,Brand_E,SELLER095,457,2.6,1267
PROD00945,Brand_E,SELLER039,507,3.8,1677
PROD01470,Brand_G,SELLER022,217,3.8,4349
PROD00585,Brand_F,SELLER095,700,2.6,1488
PROD02477,Brand_F,SELLER028,948,3.1,1554
PROD01003,Brand_D,SELLER014,447,2.7,415
PROD01765,Brand_H,SELLER060,146,4.7,2498
PROD04505,Brand_B,SELLER084,413,4.1,2774
PROD00794,Brand_A,SELLER072,973,3.2,1204
PROD04831,Brand_H,SELLER080,591,3.3,4123
PROD04474,Brand_C,SELLER041,840,3.6,2915
PROD04282,Brand_C,SELLER018,199,3.8,2603
PROD03980,Brand_G,SELLER097,529,3.9,3482
PROD00669,Brand_E,SELLER032,925,3.0,1827
PROD01532,Brand_A,SELLER087,459,2.9,3418
PROD00239,Brand_C,SELLER091,575,2.8,4105
PROD04291,Brand_G,SELLER041,800,3.7,4821
PROD02603,Brand_F,SELLER097,602,4.4,1061
PROD04104,Brand_A,SELLER001,495,3.7,694
PROD04665,Brand_H,SELLER094,711,3.6,1454
PROD02174,Brand_C,SELLER001,39,5.0,1832
PROD00386,Brand_G,SELLER093,459,3.3,2149
PROD01516,Brand_B,SELLER029,238,2.9,1596
PROD04598,Brand_A,SELLER065,822,2.7,1477
PROD02281,Brand_B,SELLER091,818,4.5,1728
PROD03812,Brand_H,SELLER029,287,3.4,2268
PROD02905,Brand_C,SELLER081,326,4.9,4598
PROD03970,Brand_B,SELLER027,268,3.2,451
PROD02889,Brand_H,SELLER080,900,3.5,4479
PROD04075,Brand_C,SELLER055,695,4.8,3219
PROD02896,Brand_H,SELLER031,757,3.0,1323
PROD03518,Brand_A,SELLER076,352,2.8,1092
PROD00435,Brand_H,SELLER088,282,4.4,1029
PROD03307,Brand_E,SELLER008,595,3.4,200
PROD00132,Brand_F,SELLER076,393,2.5,1638
PROD03355,Brand_H,SELLER005,635,2.9,2487
PROD02857,Brand_H,SELLER071,817,4.1,341
PROD00960,Brand_C,SELLER047,506,4.5,4233
PROD01341,Brand_E,SELLER021,199,4.7,4249
PROD01904,Brand_A,SELLER070,185,3.2,2661
PROD03764,Brand_H,SELLER019,493,3.6,4733
PROD04906,Brand_A,SELLER066,934,2.8,1600
PROD00212,Brand_E,SELLER023,165,4.0,2577
PROD04811,Brand_E,SELLER055,15,4.6,4724
PROD00377,Brand_E,SELLER018,110,3.4,665
PROD03300,Brand_C,SELLER027,552,5.0,4522
PROD00586,Brand_A,SELLER079,670,3.5,1031
PROD04217,Brand_C,SELLER023,986,2.9,705
PROD00027,Brand_F,SELLER035,39,4.1,88
PROD01093,Brand_B,SELLER038,773,2.6,1006
PROD02445,Brand_B,SELLER016,746,3.2,1210
PROD03265,Brand_C,SELLER071,424,4.9,1244
PROD01279,Brand_E,SELLER021,664,3.7,271
PROD00046,Brand_G,SELLER094,438,4.1,2223
PROD02638,Brand_D,SELLER056,774,2.5,2466
PROD00454,Brand_B,SELLER094,415,4.2,932
PROD03201,Brand_E,SELLER010,506,4.0,4557
PROD01741,Brand_F,SELLER048,994,3.5,4068
PROD04430,Brand_B,SELLER089,693,4.5,2609
PROD01535,Brand_B,SELLER093,441,4.9,1729
PROD01694,Brand_B,SELLER001,350,3.2,1499
PROD03461,Brand_B,SELLER041,347,4.6,3095
PROD00326,Brand_C,SELLER039,731,2.9,4915
PROD01639,Brand_H,SELLER084,308,4.0,3108
PROD03002,Brand_G,SELLER039,557,2.7,51
PROD00222,Brand_D,SELLER015,822,2.7,4048
PROD02291,Brand_D,SELLER039,727,3.2,4612
PROD01455,Brand_B,SELLER071,333,4.6,4440
PROD00248,Brand_F,SELLER011,450,2.7,2835
PROD00210,Brand_C,SELLER051,242,3.0,2396
PROD01795,Brand_E,SELLER021,861,3.9,3380
PROD04007,Brand_B,SELLER088,398,2.7,2623
PROD00565,Brand_A,SELLER011,592,4.9,801
PROD02413,Brand_F,SELLER091,980,4.5,2746
PROD00786,Brand_C,SELLER029,372,4.8,3676
PROD00103,Brand_A,SELLER065,624,4.4,3789
PROD02845,Brand_A,SELLER035,936,3.7,1802
PROD01541,Brand_B,SELLER021,588,4.4,16
PROD04734,Brand_D,SELLER037,193,3.9,1257
PROD00122,Brand_B,SELLER064,815,2.5,2971
PROD03223,Brand_A,SELLER045,68,3.5,1710
PROD01230,Brand_G,SELLER030,321,4.4,321
PROD03192,Brand_A,SELLER036,994,3.7,2445
PROD01192,Brand_A,SELLER004,340,3.5,4999
PROD03151,Brand_E,SELLER099,326,2.8,3311
PROD03593,Brand_A,SELLER028,470,3.7,1069
PROD02819,Brand_C,SELLER067,935,4.5,4152
PROD03527,Brand_D,SELLER012,627,3.5,2238
PROD00757,Brand_F,SELLER014,628,2.8,3003
PROD02700,Brand_A,SELLER038,922,3.9,4701
PROD01472,Brand_C,SELLER003,50,3.7,3504
PROD00848,Brand_C,SELLER035,665,4.0,1407
PROD01104,Brand_E,SELLER021,73,4.6,4730
PROD04910,Brand_H,SELLER093,855,3.0,1600
PROD04519,Brand_B,SELLER067,364,4.3,112
PROD01161,Brand_E,SELLER050,968,3.0,3543
PROD01776,Brand_E,SELLER042,360,4.7,4719
PROD00625,Brand_H,SELLER068,926,3.5,1170
PROD01203,Brand_D,SELLER047,84,4.0,3500
PROD03758,Brand_C,SELLER003,288,3.6,1452
PROD02656,Brand_G,SELLER091,96,4.7,160
PROD00465,Brand_H,SELLER022,149,4.4,1699
PROD03788,Brand_C,SELLER074,793,2.9,2601
PROD00734,Brand_A,SELLER056,979,4.2,394
PROD02978,Brand_G,SELLER039,984,2.5,2085
PROD03449,Brand_F,SELLER034,913,3.9,2491
PROD00400,Brand_G,SELLER015,90,4.9,2524
PROD04941,Brand_E,SELLER059,838,2.6,1281
PROD02563,Brand_G,SELLER073,570,3.4,1522
PROD03411,Brand_C,SELLER009,424,4.6,1631
PROD04221,Brand_E,SELLER052,893,2.9,4690
PROD04679,Brand_F,SELLER052,661,5.0,3602
PROD04024,Brand_F,SELLER050,426,2.9,1153
PROD03047,Brand_A,SELLER046,971,3.6,1183
PROD01086,Brand_H,SELLER017,894,2.8,3558
PROD00796,Brand_D,SELLER065,641,3.6,1450
PROD02099,Brand_G,SELLER060,829,4.1,390
PROD02771,Brand_B,SELLER099,822,2.6,585
PROD02912,Brand_D,SELLER072,737,4.2,407
PROD04472,Brand_C,SELLER048,796,4.6,2077
PROD04288,Brand_A,SELLER024,156,4.1,3055
PROD04713,Brand_F,SELLER031,207,3.5,2675
PROD04532,Brand_D,SELLER028,795,4.1,3910
PROD03370,Brand_C,SELLER045,601,4.4,2631
PROD02925,Brand_B,SELLER084,665,3.8,3698
PROD04232,Brand_C,SELLER064,498,4.4,1234
PROD04348,Brand_H,SELLER014,119,3.5,2596
PROD02459,Brand_H,SELLER083,671,4.7,1093
PROD00289,Brand_F,SELLER041,281,2.8,2876
PROD04908,Brand_H,SELLER031,262,3.2,816
PROD02965,Brand_C,SELLER008,691,3.0,2530
PROD00310,Brand_C,SELLER017,82,4.5,1904
PROD03349,Brand_C,SELLER023,316,3.3,483
PROD02304,Brand_D,SELLER089,540,2.9,3158
PROD00082,Brand_F,SELLER068,101,3.6,4758
PROD04661,Brand_E,SELLER098,617,4.0,625
PROD01336,Brand_E,SELLER027,101,3.2,4113
PROD01143,Brand_A,SELLER017,326,2.8,2568
PROD02917,Brand_H,SELLER044,343,2.7,3220
PROD00846,Brand_D,SELLER010,596,4.0,1701
PROD02351,Brand_D,SELLER064,265,4.2,1309
PROD00822,Brand_E,SELLER042,759,3.1,3655
PROD00358,Brand_B,SELLER052,452,2.6,4832
PROD04674,Brand_C,SELLER086,28,4.8,2202
PROD03849,Brand_F,SELLER059,6,2.8,3493
PROD03488,Brand_E,SELLER058,892,2.6,1512
PROD04148,Brand_G,SELLER030,87,3.1,1521
PROD00344,Brand_A,SELLER030,802,4.4,1258
PROD04093,Brand_E,SELLER025,640,4.3,1150
PROD02030,Brand_D,SELLER044,270,2.7,4621
PROD04445,Brand_H,SELLER024,31,3.5,1679
PROD02332,Brand_G,SELLER040,577,2.9,1899
PROD03857,Brand_C,SELLER008,375,4.9,3914
PROD04154,Brand_G,SELLER030,797,3.5,4250
PROD03087,Brand_A,SELLER041,432,3.6,3043
PROD01492,Brand_F,SELLER058,645,4.9,4446
PROD01283,Brand_D,SELLER060,945,4.7,35
PROD03736,Brand_F,SELLER068,301,4.0,957
PROD01495,Brand_E,SELLER023,930,2.9,412
PROD02114,Brand_C,SELLER080,904,5.0,1247
PROD01204,Brand_F,SELLER081,548,3.0,3992
PROD00100,Brand_F,SELLER018,156,4.5,3283
PROD00722,Brand_G,SELLER073,60,4.0,4374
PROD04630,Brand_E,SELLER011,697,4.5,1488
PROD01796,Brand_C,SELLER011,101,4.5,1360
PROD00479,Brand_F,SELLER079,154,2.8,3222
PROD00552,Brand_E,SELLER031,115,3.6,574
PROD03294,Brand_H,SELLER072,428,3.5,2973
PROD03452,Brand_A,SELLER008,781,3.5,3729
PROD04618,Brand_E,SELLER091,256,2.8,4065
PROD03864,Brand_B,SELLER034,528,3.7,802
PROD02570,Brand_F,SELLER088,616,3.4,3226
PROD04136,Brand_A,SELLER080,977,2.8,2196
PROD00247,Brand_E,SELLER070,851,4.3,3540
PROD00632,Brand_H,SELLER074,821,3.7,31
PROD00116,Brand_F,SELLER041,619,4.6,3896
PROD00321,Brand_B,SELLER059,30,5.0,3328
PROD00368,Brand_G,SELLER054,628,3.5,4260
PROD00534,Brand_C,SELLER032,960,4.5,2666
PROD04542,Brand_C,SELLER099,896,3.7,1603
PROD00521,Brand_B,SELLER013,782,4.5,4262
PROD00547,Brand_A,SELLER077,77,3.7,901
PROD03778,Brand_H,SELLER054,881,4.8,3990
PROD04990,Brand_B,SELLER045,770,2.7,3074
PROD01277,Brand_F,SELLER052,612,4.3,1264
PROD03212,Brand_E,SELLER029,788,4.4,4625
PROD01442,Brand_B,SELLER093,404,3.5,1134
PROD00383,Brand_D,SELLER089,502,2.8,2948
PROD03982,Brand_G,SELLER071,663,2.7,3336
PROD02822,Brand_C,SELLER065,243,3.7,1077
PROD01188,Brand_E,SELLER096,986,4.0,146
PROD03960,Brand_H,SELLER041,50,2.9,1294
PROD01423,Brand_E,SELLER087,448,3.1,4910
PROD04062,Brand_D,SELLER032,880,3.4,4504
PROD01418,Brand_F,SELLER045,93,4.2,1599
PROD01228,Brand_F,SELLER042,716,2.6,608
PROD02695,Brand_C,SELLER067,34,4.8,3372
PROD01483,Brand_G,SELLER014,14,4.9,2670
PROD00311,Brand_B,SELLER014,121,5.0,1544
PROD00449,Brand_D,SELLER078,182,3.9,836
PROD02356,Brand_G,SELLER044,485,2.9,2891
PROD04156,Brand_A,SELLER020,907,2.6,182
PROD02652,Brand_F,SELLER023,901,4.4,674
PROD01713,Brand_E,SELLER076,645,4.2,1188
PROD01072,Brand_A,SELLER100,685,4.6,391
PROD00498,Brand_G,SELLER064,338,4.3,4860
PROD02976,Brand_A,SELLER052,78,3.6,385
PROD02993,Brand_E,SELLER007,96,3.8,1006
PROD02795,Brand_F,SELLER094,598,4.8,1377
PROD02420,Brand_B,SELLER045,809,4.6,173
PROD04976,Brand_C,SELLER036,836,3.9,3778
PROD01745,Brand_F,SELLER054,345,3.3,2598
PROD03756,Brand_C,SELLER081,123,3.1,3074
PROD01756,Brand_H,SELLER088,646,4.9,3641
PROD04188,Brand_F,SELLER087,534,2.5,1746
PROD00456,Brand_C,SELLER007,227,4.0,4739
PROD02972,Brand_A,SELLER047,612,2.7,3554
PROD01620,Brand_A,SELLER020,324,2.7,317
PROD03048,Brand_A,SELLER071,943,4.6,996
PROD00385,Brand_D,SELLER071,348,3.7,2164
PROD01772,Brand_A,SELLER089,31,5.0,3364
PROD04540,Brand_D,SELLER080,371,3.3,1452
PROD00537,Brand_B,SELLER054,26,2.7,4013
PROD00802,Brand_H,SELLER029,506,3.4,1474
PROD03816,Brand_A,SELLER017,417,4.1,3588
PROD02454,Brand_D,SELLER005,434,3.3,3411
PROD04921,Brand_C,SELLER011,476,4.2,2254
PROD03904,Brand_H,SELLER063,876,4.3,4480
PROD01259,Brand_B,SELLER058,808,4.6,3971
PROD03446,Brand_D,SELLER061,270,3.1,2185
PROD04330,Brand_H,SELLER014,161,4.0,947
PROD02871,Brand_B,SELLER049,971,4.7,4320
PROD04848,Brand_E,SELLER034,80,3.3,3767
PROD00443,Brand_G,SELLER002,951,4.1,2980
PROD00428,Brand_H,SELLER010,647,2.9,4562
PROD00665,Brand_A,SELLER053,906,4.1,3836
PROD02310,Brand_D,SELLER034,414,5.0,174
PROD00406,Brand_G,SELLER018,794,4.4,3875
PROD01669,Brand_F,SELLER072,156,3.5,4037
PROD01701,Brand_H,SELLER043,349,2.6,2865
PROD02577,Brand_H,SELLER009,994,2.9,1712
PROD04541,Brand_B,SELLER070,522,2.7,2689
PROD04107,Brand_C,SELLER038,736,3.7,2693
PROD02826,Brand_G,SELLER017,443,3.1,4854
PROD00459,Brand_D,SELLER061,314,2.6,2697
PROD01569,Brand_H,SELLER011,82,2.8,3414
PROD04890,Brand_E,SELLER025,466,4.6,3531
PROD01305,Brand_C,SELLER095,371,2.9,945
PROD03235,Brand_B,SELLER031,598,4.7,3852
PROD02601,Brand_D,SELLER096,950,4.9,3195
PROD00504,Brand_C,SELLER078,660,3.9,4538
PROD03645,Brand_F,SELLER014,448,2.6,2560
PROD03297,Brand_C,SELLER007,840,4.8,4824
PROD02188,Brand_B,SELLER043,939,2.7,1967
PROD04792,Brand_B,SELLER071,983,3.5,1803
PROD03119,Brand_H,SELLER081,809,3.3,1522
PROD03865,Brand_E,SELLER010,557,3.6,631
PROD01737,Brand_B,SELLER044,474,4.7,1424
PROD01411,Brand_E,SELLER066,605,2.6,82
PROD01578,Brand_E,SELLER034,572,4.3,1666
PROD01871,Brand_D,SELLER060,970,3.9,4198
PROD03247,Brand_B,SELLER021,191,3.0,4993
PROD03383,Brand_C,SELLER004,746,3.5,1759
PROD00026,Brand_E,SELLER051,380,3.2,4806
PROD00816,Brand_B,SELLER096,837,3.5,538
PROD03097,Brand_B,SELLER047,235,3.3,3411
PROD04340,Brand_F,SELLER068,939,4.0,3277
PROD02118,Brand_B,SELLER017,306,4.3,1907
PROD01240,Brand_H,SELLER026,177,2.6,536
PROD00909,Brand_E,SELLER035,833,3.2,1664
PROD04192,Brand_E,SELLER035,265,4.3,655
PROD01298,Brand_G,SELLER080,798,4.6,1697
PROD01189,Brand_E,SELLER053,408,3.7,171
PROD02953,Brand_F,SELLER084,521,4.6,1025
PROD01755,Brand_G,SELLER067,812,4.3,2434
PROD04635,Brand_G,SELLER066,155,3.7,1067
PROD03165,Brand_D,SELLER071,833,4.2,2886
PROD02840,Brand_D,SELLER058,769,4.5,3004
PROD01211,Brand_H,SELLER012,194,2.7,1323
PROD03646,Brand_C,SELLER099,831,2.8,1696
PROD03340,Brand_C,SELLER079,440,3.1,1968
PROD00589,Brand_F,SELLER083,738,2.9,3102
PROD00992,Brand_F,SELLER057,112,3.1,3328
PROD00388,Brand_F,SELLER087,541,3.7,1584
PROD03887,Brand_H,SELLER097,390,3.7,2340
PROD02061,Brand_B,SELLER018,274,4.4,208
PROD00332,Brand_D,SELLER095,100,4.2,2257
PROD01092,Brand_A,SELLER093,7,4.0,366
PROD04016,Brand_G,SELLER091,965,3.1,1096
PROD00673,Brand_E,SELLER029,611,4.1,3353
PROD03591,Brand_D,SELLER052,207,4.9,3255
PROD04757,Brand_G,SELLER038,845,2.5,3167
PROD04198,Brand_G,SELLER042,219,3.5,4863
PROD02590,Brand_D,SELLER079,506,2.5,545
PROD00011,Brand_D,SELLER048,594,4.3,4964
PROD03436,Brand_D,SELLER057,725,3.5,715
PROD02690,Brand_G,SELLER024,751,2.9,355
PROD00186,Brand_G,SELLER098,875,4.0,3572
PROD04886,Brand_E,SELLER084,859,4.8,3439
PROD04401,Brand_F,SELLER064,543,3.9,1972
PROD02969,Brand_G,SELLER041,289,4.1,4488
PROD00522,Brand_E,SELLER007,242,4.3,829
PROD02308,Brand_G,SELLER099,61,4.9,1568
PROD01118,Brand_A,SELLER067,439,4.2,517
PROD01712,Brand_C,SELLER099,127,4.5,847
PROD00750,Brand_A,SELLER076,345,4.2,528
PROD00299,Brand_D,SELLER076,829,4.6,3275
PROD02935,Brand_G,SELLER072,413,3.3,3636
PROD03481,Brand_B,SELLER052,83,4.2,1871
PROD02775,Brand_B,SELLER060,792,4.4,2324
PROD00523,Brand_C,SELLER006,302,3.2,1711
PROD01085,Brand_A,SELLER044,583,3.7,832
PROD01023,Brand_B,SELLER042,515,4.1,826
PROD01633,Brand_F,SELLER093,530,4.4,3049
PROD00999,Brand_G,SELLER092,826,2.9,4228
PROD04683,Brand_F,SELLER069,838,3.4,3031
PROD01014,Brand_A,SELLER063,676,4.8,4583
PROD02921,Brand_H,SELLER021,551,3.2,4186
PROD03642,Brand_G,SELLER002,211,3.4,4582
PROD03118,Brand_D,SELLER064,802,4.2,1165
PROD00306,Brand_E,SELLER078,642,4.7,925
PROD03881,Brand_A,SELLER008,666,2.6,2483
PROD03195,Brand_E,SELLER002,326,4.6,4671
PROD02630,Brand_B,SELLER059,170,2.7,3193
PROD03671,Brand_A,SELLER055,278,4.5,455
PROD03354,Brand_H,SELLER041,153,3.2,4375
PROD04535,Brand_A,SELLER005,844,2.8,2526
PROD02259,Brand_G,SELLER092,590,4.6,2468
PROD02247,Brand_A,SELLER091,999,3.3,2219
PROD03193,Brand_E,SELLER028,894,2.5,2675
PROD01389,Brand_E,SELLER060,271,2.9,1595
PROD04066,Brand_C,SELLER069,447,3.3,2970
PROD00207,Brand_C,SELLER006,539,4.8,732
PROD04439,Brand_C,SELLER031,148,3.0,3164
PROD01238,Brand_E,SELLER017,488,4.2,2080
PROD02631,Brand_C,SELLER017,341,3.2,692
PROD00649,Brand_E,SELLER046,82,2.6,1401
PROD00111,Brand_H,SELLER041,324,3.5,3703
PROD04210,Brand_G,SELLER033,15,2.9,146
PROD03652,Brand_G,SELLER076,654,2.9,1940
PROD02320,Brand_C,SELLER015,849,3.9,2856
PROD00334,Brand_F,SELLER074,336,3.1,3989
PROD02602,Brand_C,SELLER031,245,4.3,3869
PROD04701,Brand_D,SELLER043,38,4.3,108
PROD04257,Brand_E,SELLER051,962,3.4,417
PROD03915,Brand_C,SELLER046,939,3.1,3887
PROD02517,Brand_B,SELLER042,122,4.9,4959
PROD01680,Brand_D,SELLER093,500,2.8,1346
PROD02899,Brand_B,SELLER004,885,3.7,2041
PROD01131,Brand_A,SELLER053,137,2.6,715
PROD02354,Brand_A,SELLER037,693,4.1,2523
PROD03245,Brand_H,SELLER015,329,4.8,4810
PROD00582,Brand_D,SELLER063,965,4.9,3623
PROD00704,Brand_D,SELLER045,910,3.2,877
PROD03329,Brand_B,SELLER026,176,2.7,4584
PROD03360,Brand_A,SELLER047,764,3.3,200
PROD03847,Brand_A,SELLER039,761,4.9,1817
PROD00887,Brand_G,SELLER008,893,3.4,2889
PROD02373,Brand_C,SELLER046,656,3.8,4346
PROD03279,Brand_F,SELLER074,915,3.4,3961
PROD04443,Brand_A,SELLER019,204,4.0,4735
PROD03576,Brand_G,SELLER025,289,2.6,2572
PROD00953,Brand_A,SELLER069,218,4.6,856
PROD03533,Brand_C,SELLER021,232,3.1,2423
PROD04714,Brand_G,SELLER048,472,4.4,1294
PROD01096,Brand_C,SELLER008,483,3.2,2477
PROD00166,Brand_C,SELLER024,325,3.4,181
PROD00834,Brand_B,SELLER063,182,2.9,4920
PROD02042,Brand_A,SELLER070,955,4.1,3622
PROD01313,Brand_C,SELLER079,367,3.1,4334
PROD00092,Brand_G,SELLER051,213,4.8,1360
PROD01832,Brand_C,SELLER073,465,4.5,896
PROD02018,Brand_F,SELLER082,608,3.9,966
PROD03132,Brand_C,SELLER083,845,3.2,509
PROD00535,Brand_B,SELLER041,522,2.9,724
PROD02031,Brand_D,SELLER090,195,2.6,3831
PROD04269,Brand_E,SELLER081,547,3.0,3677
PROD04089,Brand_E,SELLER074,909,3.9,1276
PROD04727,Brand_G,SELLER075,434,4.1,972
PROD01742,Brand_C,SELLER042,875,3.0,2918
PROD03429,Brand_F,SELLER018,977,4.4,1568
PROD02598,Brand_F,SELLER076,759,4.9,4741
PROD03720,Brand_E,SELLER009,564,4.9,2031
PROD02493,Brand_D,SELLER057,699,4.8,2790
PROD03489,Brand_A,SELLER091,171,5.0,369
PROD01973,Brand_F,SELLER064,233,4.8,2881
PROD03433,Brand_A,SELLER050,955,4.0,1288
PROD02111,Brand_C,SELLER053,528,3.3,3570
PROD01787,Brand_B,SELLER041,797,3.3,3367
PROD01884,Brand_E,SELLER027,294,3.9,2435
PROD03237,Brand_F,SELLER094,780,5.0,1139
PROD02191,Brand_F,SELLER002,5,4.0,4354
PROD04240,Brand_G,SELLER003,799,4.7,4556
PROD01319,Brand_A,SELLER069,686,3.9,901
PROD02885,Brand_F,SELLER070,872,5.0,2924
PROD02001,Brand_D,SELLER043,25,3.1,852
PROD00513,Brand_G,SELLER076,887,4.1,3414
PROD01974,Brand_C,SELLER076,980,4.9,137
PROD02884,Brand_C,SELLER004,560,4.3,4127
PROD03008,Brand_E,SELLER013,744,4.9,13
PROD00997,Brand_D,SELLER088,71,4.2,3275
PROD01258,Brand_D,SELLER057,518,2.8,3860
PROD00558,Brand_B,SELLER015,334,2.7,923
PROD03721,Brand_B,SELLER065,849,3.5,3362
PROD04274,Brand_E,SELLER079,469,4.7,3864
PROD00863,Brand_A,SELLER024,215,3.8,4040
PROD04613,Brand_B,SELLER030,284,4.9,962
PROD04284,Brand_B,SELLER091,759,2.9,3760
PROD01678,Brand_A,SELLER047,9,3.4,3614
PROD02744,Brand_F,SELLER024,507,3.9,4328
PROD03942,Brand_B,SELLER064,394,2.7,2383
PROD02011,Brand_C,SELLER056,936,4.3,3813
PROD04259,Brand_B,SELLER081,646,3.2,4407
PROD02730,Brand_A,SELLER086,350,2.6,2109
PROD04480,Brand_G,SELLER079,383,3.6,980
PROD03483,Brand_E,SELLER094,40,3.0,4536
PROD02581,Brand_F,SELLER070,760,3.5,3796
PROD03222,Brand_A,SELLER090,352,4.1,1500
PROD03809,Brand_A,SELLER073,920,4.1,3205
PROD01875,Brand_D,SELLER058,15,2.7,1064
PROD04180,Brand_E,SELLER062,198,3.8,4319
PROD03437,Brand_D,SELLER068,527,3.2,4844
PROD04855,Brand_H,SELLER060,311,3.3,2558
PROD00364,Brand_B,SELLER006,460,3.6,351
PROD02389,Brand_E,SELLER002,233,4.4,4886
PROD03974,Brand_G,SELLER021,529,4.2,858
PROD04310,Brand_F,SELLER100,635,3.7,2323
PROD00110,Brand_H,SELLER026,165,3.6,436
PROD02474,Brand_H,SELLER010,711,4.9,4634
PROD00432,Brand_E,SELLER062,421,4.8,4804
PROD03319,Brand_E,SELLER035,612,3.2,2958
PROD02316,Brand_D,SELLER043,675,3.0,3219
PROD01335,Brand_A,SELLER040,203,2.8,2483
PROD02452,Brand_E,SELLER054,786,3.5,3872
PROD02233,Brand_H,SELLER093,447,2.5,1724
PROD03972,Brand_D,SELLER023,934,4.7,2274
PROD00780,Brand_E,SELLER047,823,2.5,2925
PROD01893,Brand_A,SELLER056,200,4.0,3805
PROD03690,Brand_G,SELLER039,176,3.3,4897
PROD00954,Brand_G,SELLER037,120,4.2,4109
PROD04928,Brand_F,SELLER040,402,4.4,1963
PROD01012,Brand_B,SELLER004,603,3.8,3987
PROD02251,Brand_E,SELLER076,957,4.8,4390
PROD04128,Brand_E,SELLER051,432,2.6,3243
PROD01482,Brand_D,SELLER054,775,4.6,1653
PROD02333,Brand_A,SELLER072,359,4.2,3351
PROD03351,Brand_A,SELLER041,275,4.2,2672
PROD02017,Brand_G,SELLER009,675,4.3,2347
PROD00133,Brand_H,SELLER044,636,3.8,769
PROD02125,Brand_F,SELLER083,637,2.8,4632
PROD00053,Brand_H,SELLER095,179,4.2,1403
PROD00906,Brand_B,SELLER016,762,3.4,2394
PROD01390,Brand_G,SELLER007,937,3.3,4083
PROD02909,Brand_F,SELLER071,925,4.0,854
PROD01132,Brand_A,SELLER075,799,3.0,70
PROD03894,Brand_F,SELLER095,31,4.6,1753
PROD04049,Brand_C,SELLER031,49,3.3,4786
PROD03625,Brand_E,SELLER032,666,2.6,3887
PROD02197,Brand_C,SELLER086,544,4.0,4679
PROD02022,Brand_F,SELLER100,914,4.4,1156
PROD01329,Brand_B,SELLER042,375,4.4,4730
PROD03197,Brand_B,SELLER100,834,4.5,4732
PROD03996,Brand_A,SELLER044,161,4.5,2345
PROD04826,Brand_B,SELLER054,858,3.0,3293
PROD00675,Brand_E,SELLER082,646,4.7,3189
PROD02424,Brand_A,SELLER060,984,3.0,4889
PROD01775,Brand_B,SELLER027,827,4.8,811
PROD04044,Brand_A,SELLER088,559,3.6,3448
PROD01201,Brand_C,SELLER069,864,3.5,858
PROD01612,Brand_H,SELLER077,87,5.0,2798
PROD03882,Brand_A,SELLER045,712,3.3,4246
PROD02582,Brand_F,SELLER013,189,3.5,581
PROD02491,Brand_E,SELLER070,635,3.0,4516
PROD02534,Brand_A,SELLER074,636,4.8,732
PROD00781,Brand_D,SELLER071,260,2.9,4891
PROD04447,Brand_D,SELLER070,187,3.6,76
PROD02390,Brand_B,SELLER059,272,5.0,2010
PROD00850,Brand_H,SELLER013,290,4.5,4484
PROD04578,Brand_B,SELLER060,71,3.4,2805
PROD03918,Brand_G,SELLER084,48,4.0,4821
PROD04538,Brand_G,SELLER006,307,4.8,3289
PROD01484,Brand_B,SELLER051,860,3.5,2731
PROD00259,Brand_C,SELLER098,753,4.1,3324
PROD03818,Brand_D,SELLER021,154,4.0,3476
PROD02486,Brand_A,SELLER024,120,4.4,3628
PROD02025,Brand_C,SELLER034,380,4.5,3043
PROD03442,Brand_F,SELLER075,695,4.2,265
PROD02779,Brand_F,SELLER043,987,4.8,3296
PROD02968,Brand_A,SELLER096,299,4.9,2332
PROD00561,Brand_H,SELLER032,84,3.6,3651
PROD04451,Brand_C,SELLER005,325,3.2,2331
PROD01568,Brand_B,SELLER047,829,3.3,583
PROD03131,Brand_A,SELLER067,523,3.6,856
PROD01576,Brand_C,SELLER067,282,3.7,3629
PROD03802,Brand_B,SELLER099,492,3.8,1355
PROD01867,Brand_H,SELLER092,318,2.7,654
PROD00241,Brand_D,SELLER045,758,2.7,4921
PROD04517,Brand_A,SELLER082,851,4.5,4506
PROD03142,Brand_C,SELLER045,42,2.5,3778
PROD02085,Brand_B,SELLER015,57,2.6,2160
PROD03917,Brand_D,SELLER084,517,4.5,1188
PROD00542,Brand_B,SELLER030,948,2.5,1972
PROD04758,Brand_E,SELLER024,802,2.8,1012
PROD02104,Brand_F,SELLER002,185,3.7,3179
PROD03438,Brand_A,SELLER044,152,3.3,2309
PROD00514,Brand_E,SELLER003,128,2.7,1577
PROD02776,Brand_C,SELLER084,145,2.7,449
PROD02847,Brand_E,SELLER031,304,3.5,236
PROD03491,Brand_C,SELLER045,617,3.8,1796
PROD03790,Brand_A,SELLER008,971,3.9,3370
PROD00138,Brand_D,SELLER090,446,3.7,1336
PROD03056,Brand_F,SELLER079,306,3.6,3386
PROD01434,Brand_C,SELLER045,253,4.6,3355
PROD01350,Brand_C,SELLER015,173,2.5,662
PROD00698,Brand_C,SELLER002,536,3.6,2042
PROD03969,Brand_D,SELLER056,141,4.0,1503
PROD00853,Brand_A,SELLER070,370,2.6,3148
PROD02622,Brand_F,SELLER061,24,4.6,2408
PROD04009,Brand_G,SELLER035,235,3.7,3338
PROD02804,Brand_A,SELLER090,892,4.3,3377
PROD03233,Brand_G,SELLER056,651,4.3,3661
PROD04475,Brand_C,SELLER076,293,4.6,3196
PROD01673,Brand_D,SELLER078,552,4.0,2565
PROD02248,Brand_C,SELLER024,605,3.6,3053
PROD01145,Brand_B,SELLER099,677,3.7,903
PROD03337,Brand_E,SELLER034,14,4.6,3768
PROD04031,Brand_C,SELLER002,856,4.4,49
PROD03391,Brand_B,SELLER068,772,3.8,4308
PROD00520,Brand_G,SELLER066,57,4.4,1691
PROD01834,Brand_C,SELLER066,621,4.3,3478
PROD04627,Brand_B,SELLER042,642,3.1,2830
PROD01392,Brand_D,SELLER079,949,3.6,1603
PROD02063,Brand_A,SELLER030,812,3.6,1447
PROD00932,Brand_G,SELLER065,549,3.0,661
PROD03558,Brand_A,SELLER067,327,4.9,770
PROD00415,Brand_H,SELLER010,304,3.5,3457
PROD03318,Brand_A,SELLER029,712,3.7,508
PROD01316,Brand_A,SELLER050,810,3.3,742
PROD00991,Brand_B,SELLER066,492,3.8,247
PROD04549,Brand_H,SELLER083,97,3.9,344
PROD04628,Brand_F,SELLER013,745,4.1,1939
PROD04038,Brand_D,SELLER007,262,4.2,2372
PROD02514,Brand_D,SELLER039,559,3.0,2549
PROD00990,Brand_H,SELLER048,194,5.0,2884
PROD00341,Brand_E,SELLER099,525,4.8,4663
PROD04853,Brand_F,SELLER037,832,4.9,275
PROD00058,Brand_G,SELLER032,779,4.9,2449
PROD01599,Brand_B,SELLER090,135,3.8,2920
PROD01070,Brand_G,SELLER056,131,3.3,3451
PROD01206,Brand_B,SELLER024,256,2.8,3728
PROD01792,Brand_H,SELLER050,189,3.1,2132
PROD00473,Brand_F,SELLER069,624,3.5,2574
PROD00861,Brand_B,SELLER075,753,2.8,4553
PROD04152,Brand_H,SELLER051,166,3.4,1
PROD04576,Brand_H,SELLER028,723,3.0,273
PROD01273,Brand_A,SELLER024,127,3.7,1710
PROD01654,Brand_G,SELLER005,630,4.7,1693
PROD03638,Brand_H,SELLER094,870,4.5,610
PROD02895,Brand_E,SELLER018,746,3.3,2084
PROD04103,Brand_F,SELLER023,806,3.6,1260
PROD00871,Brand_H,SELLER099,625,2.8,3404
PROD01053,Brand_A,SELLER020,427,4.4,3444
PROD03313,Brand_D,SELLER039,511,4.9,144
PROD00511,Brand_E,SELLER063,897,3.0,1243
PROD03033,Brand_E,SELLER091,546,3.5,872
PROD02108,Brand_C,SELLER077,552,4.0,2889
PROD01300,Brand_C,SELLER004,281,3.4,3923
PROD04378,Brand_A,SELLER023,385,4.1,605
PROD04064,Brand_D,SELLER055,966,3.2,2062
PROD00113,Brand_B,SELLER026,764,3.4,1638
PROD00389,Brand_D,SELLER093,96,3.3,4647
PROD04877,Brand_G,SELLER091,473,3.3,4123
PROD01705,Brand_C,SELLER084,865,3.2,1213
PROD01220,Brand_C,SELLER093,988,2.6,2873
PROD03744,Brand_H,SELLER096,75,4.3,2409
PROD00172,Brand_A,SELLER097,623,2.5,3659
PROD00567,Brand_D,SELLER016,887,4.1,2431
PROD02421,Brand_G,SELLER064,687,3.0,3648
PROD01555,Brand_A,SELLER011,144,4.1,4729
PROD01926,Brand_D,SELLER039,254,4.6,195
PROD03030,Brand_G,SELLER019,427,3.9,4396
PROD01573,Brand_A,SELLER086,341,2.7,177
PROD03772,Brand_A,SELLER069,230,4.0,4218
PROD00128,Brand_H,SELLER011,187,2.6,3472
PROD03037,Brand_H,SELLER049,587,3.8,3755
PROD04715,Brand_E,SELLER095,1000,4.7,3239
PROD00193,Brand_D,SELLER088,373,4.6,1163
PROD00842,Brand_H,SELLER088,841,4.9,3888
PROD01370,Brand_D,SELLER016,459,4.9,4143
PROD01731,Brand_F,SELLER082,958,4.0,3370
PROD04539,Brand_H,SELLER056,929,4.0,4275
PROD03603,Brand_H,SELLER042,14,2.5,4055
PROD04331,Brand_A,SELLER092,680,3.1,1079
PROD03902,Brand_E,SELLER031,990,4.6,762
PROD04424,Brand_C,SELLER003,558,4.1,2029
PROD02609,Brand_G,SELLER046,242,4.7,1092
PROD01343,Brand_B,SELLER078,630,4.5,4133
PROD00469,Brand_A,SELLER086,734,4.0,2207
PROD00066,Brand_D,SELLER056,557,4.3,1210
PROD02923,Brand_A,SELLER072,39,3.3,292
PROD04142,Brand_B,SELLER099,526,4.1,4302
PROD03724,Brand_H,SELLER054,742,2.6,4961
PROD03083,Brand_H,SELLER037,986,4.2,1804
PROD01244,Brand_A,SELLER013,876,5.0,4223
PROD04654,Brand_A,SELLER011,272,3.2,642
PROD04552,Brand_G,SELLER091,443,3.0,2697
PROD00706,Brand_F,SELLER066,819,4.2,3971
PROD00821,Brand_A,SELLER053,231,2.8,1260
PROD04051,Brand_E,SELLER019,729,4.7,4456
PROD04783,Brand_F,SELLER013,884,3.4,1702
PROD01363,Brand_H,SELLER099,237,3.2,4528
PROD00276,Brand_D,SELLER070,79,4.6,1055
PROD00016,Brand_D,SELLER078,55,3.6,4953
PROD04166,Brand_E,SELLER027,753,4.0,1461
PROD00251,Brand_E,SELLER077,124,4.7,3902
PROD01435,Brand_A,SELLER018,778,3.4,2202
PROD00700,Brand_B,SELLER018,697,2.9,2793
PROD00972,Brand_F,SELLER096,232,4.5,3780
PROD03350,Brand_H,SELLER032,537,2.6,3375
PROD00771,Brand_B,SELLER017,827,3.9,2698
PROD01538,Brand_G,SELLER032,584,2.6,1815
PROD04938,Brand_G,SELLER077,631,4.8,4648
PROD04376,Brand_E,SELLER092,196,4.3,2915
PROD03962,Brand_B,SELLER049,741,2.7,1482
PROD00758,Brand_A,SELLER044,346,4.9,820
PROD01087,Brand_C,SELLER020,688,2.7,4154
PROD01432,Brand_G,SELLER077,197,3.5,1265
PROD00119,Brand_E,SELLER018,157,3.5,3136
PROD01448,Brand_G,SELLER065,642,4.6,1512
PROD00322,Brand_C,SELLER014,641,4.0,1078
PROD00556,Brand_D,SELLER052,836,2.8,3476
PROD04047,Brand_C,SELLER076,901,3.3,1561
PROD04314,Brand_D,SELLER083,727,4.9,2838
PROD00458,Brand_B,SELLER028,256,4.5,4130
PROD00692,Brand_E,SELLER035,480,4.6,981
PROD02664,Brand_D,SELLER057,746,4.3,1916
PROD02419,Brand_D,SELLER064,787,2.8,2641
PROD04728,Brand_F,SELLER030,493,4.8,4060
PROD00411,Brand_D,SELLER089,118,4.7,495
PROD02009,Brand_C,SELLER095,948,4.1,4591
PROD01616,Brand_A,SELLER050,443,4.3,3318
PROD02586,Brand_F,SELLER098,49,2.5,2765
PROD03041,Brand_D,SELLER091,291,4.9,1384
PROD03450,Brand_A,SELLER061,961,4.0,4125
PROD02456,Brand_B,SELLER031,259,3.9,2722
PROD04766,Brand_E,SELLER057,543,3.5,1682
PROD02046,Brand_B,SELLER042,223,3.4,2541
PROD03732,Brand_D,SELLER058,399,3.3,4486
PROD01320,Brand_F,SELLER034,484,4.8,4570
PROD04140,Brand_G,SELLER032,190,5.0,1392
PROD02171,Brand_H,SELLER041,374,3.8,3522
PROD04345,Brand_D,SELLER011,812,3.2,4252
PROD02625,Brand_C,SELLER032,262,4.4,3542
PROD01901,Brand_E,SELLER067,89,2.8,777
PROD03042,Brand_C,SELLER079,851,4.2,1671
PROD00773,Brand_F,SELLER033,962,3.1,304
PROD01486,Brand_A,SELLER054,973,4.6,3228
PROD03938,Brand_C,SELLER011,936,4.6,255
PROD02760,Brand_D,SELLER088,708,4.1,64
PROD01729,Brand_G,SELLER054,749,2.7,3439
PROD02848,Brand_H,SELLER005,575,3.0,4444
PROD03746,Brand_E,SELLER060,511,4.8,4786
PROD03333,Brand_D,SELLER012,233,2.7,3714
PROD03189,Brand_H,SELLER085,886,4.2,2158
PROD03105,Brand_D,SELLER062,734,2.5,3081
PROD02208,Brand_C,SELLER077,682,3.3,1949
PROD04499,Brand_D,SELLER030,125,3.8,3800
PROD01805,Brand_G,SELLER064,910,4.0,124
PROD03085,Brand_C,SELLER065,146,4.6,1848
PROD01041,Brand_G,SELLER075,448,3.2,625
PROD04355,Brand_A,SELLER012,589,3.4,74
PROD02530,Brand_G,SELLER056,41,3.5,2984
PROD04342,Brand_F,SELLER023,715,4.6,1064
PROD01634,Brand_B,SELLER017,261,2.8,2282
PROD04588,Brand_G,SELLER052,820,3.9,2263
PROD03639,Brand_B,SELLER023,620,3.1,2009
PROD04101,Brand_A,SELLER019,232,4.8,870
PROD04241,Brand_F,SELLER076,192,4.8,3743
PROD01018,Brand_D,SELLER068,238,3.9,1350
PROD01749,Brand_A,SELLER085,390,3.4,3357
PROD04112,Brand_F,SELLER046,496,3.5,3696
PROD04321,Brand_E,SELLER008,304,3.1,1329
PROD03200,Brand_A,SELLER062,424,3.9,1859
PROD02757,Brand_B,SELLER075,69,3.0,4293
PROD02980,Brand_D,SELLER001,326,4.1,3148
PROD03549,Brand_C,SELLER017,625,4.4,3429
PROD01970,Brand_D,SELLER012,631,5.0,1534
PROD04529,Brand_E,SELLER052,224,2.8,4788
PROD03309,Brand_H,SELLER098,371,4.7,537
PROD04805,Brand_A,SELLER029,336,4.9,4621
PROD00687,Brand_E,SELLER092,304,2.8,2692
PROD01355,Brand_B,SELLER023,575,3.9,1533
PROD01252,Brand_C,SELLER036,104,3.5,1123
PROD03234,Brand_D,SELLER001,629,3.2,1065
PROD02257,Brand_G,SELLER095,700,2.6,4329
PROD02254,Brand_D,SELLER094,666,3.2,3876
PROD03459,Brand_G,SELLER026,299,4.0,3071
PROD00169,Brand_B,SELLER078,451,4.1,3796
PROD02340,Brand_E,SELLER033,259,4.7,1475
PROD04551,Brand_B,SELLER044,725,4.0,633
PROD00375,Brand_H,SELLER070,892,4.4,2774
PROD02722,Brand_H,SELLER021,363,4.4,2936
PROD00988,Brand_E,SELLER049,44,2.6,4161
PROD04920,Brand_D,SELLER025,824,3.1,4925
PROD02702,Brand_E,SELLER006,168,4.8,553
PROD01664,Brand_F,SELLER030,63,4.6,3132
PROD02748,Brand_C,SELLER056,397,2.7,2844
PROD00236,Brand_G,SELLER073,188,4.3,2211
PROD01077,Brand_C,SELLER076,820,4.3,3048
PROD01644,Brand_G,SELLER015,709,4.4,3571
PROD03016,Brand_F,SELLER072,937,4.1,1555
PROD04753,Brand_E,SELLER016,990,4.7,2754
PROD04276,Brand_A,SELLER001,954,4.9,4794
PROD04788,Brand_H,SELLER020,194,3.6,4773
PROD02246,Brand_E,SELLER010,768,3.0,1428
PROD04175,Brand_E,SELLER067,449,2.7,885
PROD03754,Brand_A,SELLER094,440,3.8,552
PROD03521,Brand_G,SELLER044,900,2.5,4416
PROD01647,Brand_G,SELLER034,556,2.5,3531
PROD00004,Brand_G,SELLER013,526,4.0,1363
PROD04280,Brand_D,SELLER018,75,2.7,3010
PROD03498,Brand_D,SELLER050,20,3.0,3058
PROD02501,Brand_D,SELLER079,298,2.9,2465
PROD00723,Brand_D,SELLER083,416,4.0,3523
PROD00196,Brand_D,SELLER059,27,2.6,303
PROD00505,Brand_H,SELLER094,908,3.3,331
PROD04279,Brand_G,SELLER003,105,2.9,3431
PROD02051,Brand_F,SELLER059,89,4.9,2394
PROD01062,Brand_H,SELLER003,367,4.4,272
PROD02204,Brand_B,SELLER013,392,4.9,1490
PROD04203,Brand_C,SELLER025,991,4.7,719
PROD01409,Brand_C,SELLER092,95,4.1,834
PROD01799,Brand_B,SELLER041,159,3.8,318
PROD00168,Brand_E,SELLER018,806,2.7,2491
PROD01677,Brand_A,SELLER069,789,4.2,4043
PROD04825,Brand_E,SELLER063,159,2.9,808
PROD04484,Brand_G,SELLER094,784,3.6,802
PROD04365,Brand_D,SELLER061,772,2.8,3771
PROD00573,Brand_F,SELLER051,71,3.4,2154
PROD02300,Brand_D,SELLER055,846,2.5,1577
PROD03136,Brand_C,SELLER096,188,3.1,4365
PROD02050,Brand_G,SELLER040,887,4.8,3559
PROD02781,Brand_E,SELLER097,620,4.0,784
PROD01685,Brand_A,SELLER066,489,2.7,4258
PROD03643,Brand_A,SELLER047,954,3.1,1198
PROD02433,Brand_C,SELLER019,117,3.2,1891
PROD04611,Brand_H,SELLER002,970,5.0,2333
PROD04312,Brand_A,SELLER064,572,2.6,141
PROD03787,Brand_G,SELLER003,408,4.5,631
PROD02442,Brand_A,SELLER057,3,4.5,2909
PROD01554,Brand_A,SELLER005,40,3.5,785
PROD03507,Brand_F,SELLER099,541,4.3,2674
PROD04134,Brand_F,SELLER009,547,2.9,437
PROD02928,Brand_H,SELLER062,42,4.9,4749
PROD01241,Brand_H,SELLER098,547,2.5,250
PROD04001,Brand_B,SELLER004,812,3.9,2625
PROD04343,Brand_G,SELLER092,376,4.4,1032
PROD00307,Brand_F,SELLER019,900,2.7,3406
PROD03727,Brand_F,SELLER054,614,4.5,4389
PROD02940,Brand_G,SELLER034,657,4.9,1451
PROD01598,Brand_C,SELLER078,480,3.9,2453
PROD03009,Brand_C,SELLER015,317,3.9,3029
PROD02934,Brand_D,SELLER090,900,3.3,2456
PROD03430,Brand_C,SELLER098,514,3.7,2965
PROD04947,Brand_A,SELLER076,547,4.1,4186
PROD01590,Brand_D,SELLER036,173,3.2,806
PROD02875,Brand_D,SELLER042,244,3.3,1843
PROD03830,Brand_G,SELLER070,882,3.5,104
PROD03662,Brand_C,SELLER071,196,2.5,3083
PROD02717,Brand_G,SELLER059,102,4.4,3339
PROD03552,Brand_B,SELLER096,465,4.6,377
PROD02907,Brand_D,SELLER082,946,4.2,4101
PROD00926,Brand_G,SELLER086,77,3.0,1877
PROD04659,Brand_E,SELLER002,804,2.5,1476
PROD02430,Brand_E,SELLER031,20,3.9,2433
PROD04510,Brand_C,SELLER035,44,4.7,2932
PROD01456,Brand_E,SELLER001,240,4.1,4995
PROD04133,Brand_A,SELLER001,297,4.7,1936
PROD02741,Brand_B,SELLER027,366,4.4,3984
PROD03957,Brand_C,SELLER009,356,4.6,2320
PROD04358,Brand_H,SELLER017,305,4.3,4791
PROD03606,Brand_C,SELLER063,352,4.7,1990
PROD03705,Brand_D,SELLER037,366,3.5,1853
PROD02443,Brand_D,SELLER006,481,3.1,865
PROD02673,Brand_G,SELLER007,901,4.4,4315
PROD02087,Brand_F,SELLER089,818,4.5,2133
PROD04719,Brand_G,SELLER090,917,4.6,349
PROD01843,Brand_B,SELLER060,587,4.4,3349
PROD03707,Brand_F,SELLER064,422,3.8,1173
PROD03525,Brand_C,SELLER083,378,3.1,2176
PROD03805,Brand_H,SELLER026,596,5.0,1671
PROD01425,Brand_B,SELLER010,200,4.6,1635
PROD01724,Brand_B,SELLER038,833,4.4,4684
PROD03615,Brand_C,SELLER049,185,3.8,1814
PROD03274,Brand_D,SELLER088,818,4.2,3594
PROD03196,Brand_B,SELLER076,44,4.7,1371
PROD03496,Brand_A,SELLER098,152,3.0,4250
PROD01537,Brand_G,SELLER078,698,4.2,4731
PROD02029,Brand_A,SELLER071,826,3.1,3722
PROD02130,Brand_B,SELLER018,791,4.2,3019
PROD00208,Brand_C,SELLER092,371,3.2,581
PROD03656,Brand_G,SELLER012,902,2.9,706
PROD00936,Brand_H,SELLER098,382,3.5,253
PROD03579,Brand_E,SELLER027,252,4.4,2508
PROD03422,Brand_G,SELLER065,24,3.3,447
PROD01923,Brand_B,SELLER026,401,3.3,2227
PROD01016,Brand_A,SELLER052,296,4.5,276
PROD00633,Brand_E,SELLER071,288,3.0,2517
PROD02155,Brand_D,SELLER051,147,4.1,3205
PROD03236,Brand_B,SELLER007,20,3.4,1640
PROD02023,Brand_H,SELLER029,913,3.6,2668
PROD04583,Brand_H,SELLER008,875,4.5,4692
PROD03363,Brand_D,SELLER026,93,3.9,1739
PROD02405,Brand_B,SELLER012,29,3.5,1159
PROD02892,Brand_D,SELLER072,93,3.3,1672
PROD00060,Brand_G,SELLER080,15,3.3,2884
PROD02302,Brand_F,SELLER043,313,3.1,1690
PROD02169,Brand_C,SELLER079,515,3.2,4789
PROD00188,Brand_D,SELLER042,59,4.4,511
PROD01385,Brand_E,SELLER014,797,2.7,1763
PROD00671,Brand_E,SELLER074,560,3.5,4204
PROD02839,Brand_C,SELLER009,944,4.9,3206
PROD00010,Brand_F,SELLER017,480,3.8,4068
PROD01333,Brand_H,SELLER013,660,4.6,4302
PROD04818,Brand_G,SELLER074,96,4.8,4177
PROD01693,Brand_G,SELLER091,224,2.8,2084
PROD02888,Brand_B,SELLER062,239,3.7,2559
PROD02239,Brand_A,SELLER028,223,4.3,1464
PROD04593,Brand_B,SELLER033,284,3.0,3476
PROD03479,Brand_F,SELLER077,218,3.0,3299
PROD00350,Brand_E,SELLER018,592,3.0,1548
PROD00424,Brand_H,SELLER044,411,3.3,3507
PROD02725,Brand_E,SELLER017,390,4.0,756
PROD01695,Brand_E,SELLER040,746,4.1,3448
PROD02610,Brand_C,SELLER056,150,2.8,2537
PROD04440,Brand_F,SELLER080,418,2.6,1044
PROD01643,Brand_E,SELLER019,844,3.3,3213
PROD01309,Brand_C,SELLER095,369,4.0,2844
PROD02058,Brand_G,SELLER076,955,4.7,480
PROD04132,Brand_B,SELLER048,511,4.8,331
PROD01935,Brand_C,SELLER029,272,3.6,2275
PROD00145,Brand_B,SELLER025,318,3.0,3468
PROD01773,Brand_E,SELLER036,190,4.8,4141
PROD04467,Brand_C,SELLER035,683,3.0,4510
PROD03722,Brand_F,SELLER043,591,4.3,3729
PROD03457,Brand_C,SELLER098,684,2.8,2450
PROD02091,Brand_A,SELLER023,701,3.2,2441
PROD01922,Brand_A,SELLER036,154,4.1,3400
PROD01972,Brand_F,SELLER030,821,4.8,3842
PROD04420,Brand_A,SELLER017,604,4.1,3245
PROD03090,Brand_E,SELLER059,258,4.1,1370
PROD02339,Brand_C,SELLER069,107,4.8,3553
PROD04850,Brand_D,SELLER085,748,4.8,1033
PROD00179,Brand_C,SELLER030,305,2.8,3343
PROD04515,Brand_C,SELLER097,905,2.8,2538
PROD02263,Brand_F,SELLER063,41,3.4,1726
PROD00419,Brand_B,SELLER004,319,4.5,4660
PROD02425,Brand_G,SELLER041,312,4.8,3276
PROD00339,Brand_D,SELLER023,244,4.5,4886
PROD04956,Brand_G,SELLER026,369,4.6,1386
PROD01670,Brand_G,SELLER031,490,2.9,4193
PROD01048,Brand_G,SELLER034,804,3.4,844
PROD01095,Brand_G,SELLER056,905,2.9,2951
PROD02309,Brand_F,SELLER098,26,4.8,3436
PROD03910,Brand_E,SELLER024,277,2.9,4110
PROD03924,Brand_A,SELLER065,406,3.8,4926
PROD00136,Brand_E,SELLER035,200,4.7,410
PROD02347,Brand_C,SELLER003,343,4.1,3259
PROD02396,Brand_G,SELLER017,278,4.3,4123
PROD04573,Brand_B,SELLER055,681,3.3,4388
PROD03976,Brand_H,SELLER021,605,3.8,220
PROD00109,Brand_B,SELLER086,945,3.5,1603
PROD04608,Brand_B,SELLER086,25,3.5,4895
PROD04473,Brand_F,SELLER035,513,2.8,1138
PROD00599,Brand_D,SELLER056,669,4.6,1132
PROD01529,Brand_C,SELLER031,335,3.0,4513
PROD02133,Brand_D,SELLER084,975,3.0,497
PROD00245,Brand_F,SELLER058,623,3.3,4390
PROD04658,Brand_G,SELLER004,171,2.6,3192
PROD04364,Brand_C,SELLER032,995,4.8,3475
PROD03692,Brand_D,SELLER092,235,3.9,4351
PROD01858,Brand_B,SELLER074,518,4.5,3034
PROD01398,Brand_E,SELLER022,678,3.2,4151
PROD00587,Brand_C,SELLER006,882,4.0,121
PROD02863,Brand_F,SELLER064,541,4.2,1490
PROD00975,Brand_A,SELLER071,542,3.8,2661
PROD04604,Brand_H,SELLER059,337,4.1,4672
PROD02519,Brand_A,SELLER064,471,3.2,3132
PROD01781,Brand_A,SELLER060,856,4.0,4493
PROD03155,Brand_H,SELLER079,738,3.5,2564
PROD04772,Brand_F,SELLER069,837,4.8,2498
PROD01345,Brand_A,SELLER005,632,2.8,2240
PROD01558,Brand_H,SELLER018,79,4.6,1109
PROD00749,Brand_B,SELLER099,832,2.7,394
PROD02504,Brand_C,SELLER045,764,3.7,806
PROD01179,Brand_D,SELLER046,858,5.0,2212
PROD04778,Brand_C,SELLER054,459,2.6,4831
PROD00324,Brand_F,SELLER080,635,2.6,1160
PROD04904,Brand_G,SELLER012,805,2.6,3310
PROD03611,Brand_G,SELLER038,427,2.6,2986
PROD02325,Brand_H,SELLER057,188,4.0,2079
PROD02948,Brand_B,SELLER047,256,4.9,3819
PROD01112,Brand_G,SELLER078,265,3.7,3635
PROD01580,Brand_B,SELLER026,103,2.8,4663
PROD03078,Brand_C,SELLER021,530,4.4,2375
PROD03454,Brand_A,SELLER042,249,4.7,3002
PROD04386,Brand_H,SELLER026,582,2.7,4197
PROD04798,Brand_F,SELLER039,323,3.9,1739
PROD00857,Brand_F,SELLER006,35,2.6,1666
PROD03163,Brand_F,SELLER039,160,4.8,4201
PROD03444,Brand_C,SELLER009,435,3.8,296
PROD02816,Brand_C,SELLER048,146,2.9,4016
PROD03975,Brand_F,SELLER080,7,3.9,762
PROD03630,Brand_B,SELLER081,546,3.1,27
PROD01859,Brand_C,SELLER061,888,4.6,3419
PROD00001,Brand_H,SELLER029,793,2.8,2962
PROD01714,Brand_G,SELLER056,753,4.6,4990
PROD01276,Brand_E,SELLER036,84,3.1,4265
PROD03448,Brand_H,SELLER057,840,4.1,4492
PROD03005,Brand_D,SELLER036,890,4.4,1606
PROD04202,Brand_A,SELLER011,284,2.8,3599
PROD01631,Brand_E,SELLER097,948,3.1,1583
PROD04029,Brand_C,SELLER011,348,2.7,3598
PROD01586,Brand_G,SELLER021,675,2.7,4050
PROD02407,Brand_C,SELLER029,706,3.8,4391
PROD01428,Brand_C,SELLER077,253,4.7,2823
PROD01864,Brand_D,SELLER091,418,2.6,4679
PROD01648,Brand_H,SELLER067,661,3.7,3398
PROD02198,Brand_A,SELLER073,129,3.4,3738
PROD01375,Brand_B,SELLER086,534,3.4,3651
PROD00073,Brand_A,SELLER022,49,4.0,3519
PROD03950,Brand_G,SELLER032,18,3.2,129
PROD00024,Brand_H,SELLER004,336,4.0,1162
PROD03949,Brand_E,SELLER001,33,4.3,1332
PROD02387,Brand_H,SELLER076,931,3.4,1593
PROD01824,Brand_D,SELLER087,677,3.6,1315
PROD01762,Brand_D,SELLER086,408,2.9,4081
PROD00176,Brand_C,SELLER031,182,3.5,2451
PROD00258,Brand_H,SELLER026,824,3.5,2001
PROD03821,Brand_B,SELLER003,397,4.0,592
PROD00973,Brand_A,SELLER092,880,4.2,4385
PROD00083,Brand_H,SELLER052,798,3.0,4648
PROD04300,Brand_E,SELLER013,208,4.2,3476
PROD04874,Brand_B,SELLER026,157,4.8,154
PROD01860,Brand_E,SELLER030,97,3.0,176
PROD00998,Brand_D,SELLER043,460,2.5,3084
PROD00793,Brand_D,SELLER024,46,4.4,2383
PROD03708,Brand_B,SELLER082,102,3.3,2253
PROD02121,Brand_E,SELLER020,197,4.8,435
PROD00956,Brand_G,SELLER039,906,3.4,4992
PROD02298,Brand_F,SELLER040,472,4.5,52
PROD01369,Brand_C,SELLER073,999,4.0,2430
PROD04422,Brand_D,SELLER034,934,2.7,3985
PROD02687,Brand_B,SELLER021,719,4.4,2412
PROD03220,Brand_G,SELLER022,183,3.0,977
PROD01395,Brand_C,SELLER055,479,4.0,4144
PROD00065,Brand_E,SELLER055,432,3.1,4399
PROD02587,Brand_G,SELLER066,657,3.0,3844
PROD01803,Brand_G,SELLER089,777,3.3,2417
PROD03278,Brand_G,SELLER044,765,3.5,2553
PROD04434,Brand_G,SELLER087,358,4.2,2035
PROD02350,Brand_F,SELLER086,626,4.3,2392
PROD04749,Brand_D,SELLER053,621,3.9,2138
PROD01836,Brand_H,SELLER032,469,4.3,3471
PROD00414,Brand_G,SELLER004,77,4.0,115
PROD04390,Brand_D,SELLER038,585,3.5,1242
PROD04952,Brand_G,SELLER057,255,2.6,2698
PROD01934,Brand_B,SELLER093,463,4.1,2028
PROD03577,Brand_F,SELLER026,710,3.7,4197
PROD03301,Brand_H,SELLER046,82,4.2,4991
PROD01257,Brand_C,SELLER044,690,4.9,2977
PROD02418,Brand_D,SELLER047,103,2.5,2667
PROD01957,Brand_H,SELLER025,535,3.6,2841
PROD04012,Brand_C,SELLER054,907,3.9,580
PROD00121,Brand_H,SELLER096,548,2.6,2047
PROD04052,Brand_A,SELLER060,691,3.5,3004
PROD02369,Brand_B,SELLER076,220,3.1,681
PROD00225,Brand_B,SELLER076,270,3.2,1161
PROD02357,Brand_A,SELLER079,907,4.0,1610
PROD00167,Brand_E,SELLER079,405,3.1,4606
PROD04080,Brand_C,SELLER052,342,4.5,3591
PROD02478,Brand_G,SELLER029,417,4.1,2492
PROD02027,Brand_E,SELLER007,67,4.0,2532
PROD02787,Brand_E,SELLER033,473,3.7,1939
PROD02303,Brand_F,SELLER095,546,4.0,1551
PROD03114,Brand_H,SELLER089,860,3.9,1282
PROD02553,Brand_G,SELLER095,424,4.7,2327
PROD04478,Brand_G,SELLER063,215,3.4,1885
PROD01768,Brand_F,SELLER005,356,3.9,1652
PROD03911,Brand_D,SELLER075,815,4.2,1908
PROD02500,Brand_C,SELLER046,255,2.8,2583
PROD02677,Brand_D,SELLER054,341,4.3,362
PROD02154,Brand_A,SELLER004,492,3.8,1555
PROD00112,Brand_C,SELLER058,118,4.6,2882
PROD00232,Brand_G,SELLER063,156,4.7,2681
PROD00543,Brand_G,SELLER066,91,3.9,1619
PROD03952,Brand_B,SELLER092,695,4.9,532
PROD04366,Brand_D,SELLER085,140,3.7,2394
PROD01577,Brand_F,SELLER046,197,4.1,553
PROD01940,Brand_G,SELLER036,906,4.6,1687
PROD01853,Brand_B,SELLER009,944,4.1,3072
PROD04626,Brand_E,SELLER041,627,4.4,913
PROD00640,Brand_B,SELLER060,267,4.7,796
PROD00563,Brand_B,SELLER072,268,4.3,523
PROD04869,Brand_C,SELLER069,567,2.7,3331
PROD01518,Brand_B,SELLER030,230,3.4,4765
PROD02176,Brand_D,SELLER075,105,4.4,2346
PROD01334,Brand_H,SELLER021,93,4.7,1185
PROD02134,Brand_B,SELLER085,532,3.4,904
PROD01388,Brand_B,SELLER031,855,2.6,728
PROD01591,Brand_D,SELLER076,625,4.4,1476
PROD03125,Brand_C,SELLER094,343,3.7,2922
PROD01596,Brand_E,SELLER036,423,4.9,3632
PROD03522,Brand_A,SELLER060,148,4.3,2785
PROD03852,Brand_H,SELLER081,370,4.6,1166
PROD04318,Brand_G,SELLER093,164,3.7,856
PROD03883,Brand_D,SELLER026,752,3.7,1916
PROD00512,Brand_F,SELLER083,635,4.0,2317
PROD04161,Brand_E,SELLER084,585,3.3,4464
PROD01337,Brand_G,SELLER032,57,4.4,1795
PROD04708,Brand_H,SELLER006,613,4.2,2193
PROD04745,Brand_H,SELLER024,677,4.1,2754
PROD04003,Brand_H,SELLER064,470,4.7,1968
PROD02375,Brand_A,SELLER063,528,3.9,3689
PROD02269,Brand_F,SELLER086,516,4.9,3351
PROD00946,Brand_B,SELLER015,617,3.6,2981
PROD01037,Brand_B,SELLER050,767,3.7,1136
PROD00451,Brand_E,SELLER045,503,2.7,3099
PROD03920,Brand_F,SELLER059,630,3.1,2863
PROD02153,Brand_F,SELLER079,89,2.6,2705
PROD02933,Brand_C,SELLER094,588,3.9,4867
PROD00872,Brand_B,SELLER003,630,2.6,1027
PROD02215,Brand_A,SELLER029,219,4.0,497
PROD01995,Brand_H,SELLER086,594,3.2,3651
PROD02341,Brand_F,SELLER065,796,3.5,3947
PROD03426,Brand_D,SELLER019,152,4.8,658
PROD03054,Brand_D,SELLER076,324,4.5,2473
PROD01706,Brand_C,SELLER031,744,2.8,1281
PROD04067,Brand_A,SELLER046,831,3.5,4638
PROD04900,Brand_B,SELLER080,206,2.7,2927
PROD04137,Brand_C,SELLER060,235,2.8,3200
PROD00076,Brand_G,SELLER071,933,2.8,4648
PROD04501,Brand_F,SELLER010,201,3.1,3977
PROD03503,Brand_H,SELLER083,173,4.2,4496
PROD03345,Brand_A,SELLER078,301,3.3,2695
PROD01979,Brand_D,SELLER084,589,3.8,2669
PROD04041,Brand_C,SELLER072,360,3.7,3124
PROD02872,Brand_F,SELLER044,178,3.3,807
PROD04383,Brand_C,SELLER082,388,4.2,4290
PROD00982,Brand_G,SELLER072,938,3.0,569
PROD04171,Brand_E,SELLER055,465,4.2,1246
PROD01801,Brand_A,SELLER063,767,2.7,1263
PROD01354,Brand_F,SELLER082,484,3.5,4083
PROD03886,Brand_G,SELLER096,207,4.6,2786
PROD03100,Brand_E,SELLER068,283,4.5,3485
PROD04555,Brand_E,SELLER032,114,4.9,1089
PROD00940,Brand_E,SELLER035,950,4.1,3901
PROD01686,Brand_C,SELLER054,805,2.9,592
PROD02789,Brand_H,SELLER061,391,3.8,3776
PROD04172,Brand_F,SELLER015,926,4.8,1088
PROD01679,Brand_D,SELLER049,186,4.5,4795
PROD02611,Brand_C,SELLER017,606,4.3,247
PROD01778,Brand_H,SELLER030,32,4.2,1545
PROD01721,Brand_H,SELLER094,859,3.7,2761
PROD01912,Brand_E,SELLER010,989,4.0,1384
PROD04143,Brand_F,SELLER053,297,3.3,981
PROD02334,Brand_E,SELLER056,448,4.5,4112
PROD01353,Brand_F,SELLER063,382,4.1,2551
PROD03242,Brand_G,SELLER093,6,4.3,890
PROD01315,Brand_H,SELLER039,14,4.1,4942
PROD04328,Brand_D,SELLER006,177,2.8,885
PROD00666,Brand_F,SELLER080,742,3.6,4522
PROD01520,Brand_D,SELLER047,239,4.1,674
PROD01626,Brand_A,SELLER073,642,2.5,3526
PROD04191,Brand_F,SELLER041,220,4.9,470
PROD04446,Brand_B,SELLER016,652,3.1,1064
PROD04548,Brand_F,SELLER004,982,4.9,2510
PROD03623,Brand_C,SELLER100,201,3.2,713
PROD01882,Brand_F,SELLER060,307,2.6,3021
PROD04299,Brand_D,SELLER027,972,4.3,2361
PROD00919,Brand_B,SELLER004,633,3.4,3130
PROD00154,Brand_A,SELLER002,578,3.0,3802
PROD02193,Brand_D,SELLER075,886,2.9,3433
PROD03338,Brand_A,SELLER085,587,4.3,3846
PROD04332,Brand_F,SELLER084,738,3.6,3685
PROD03893,Brand_H,SELLER036,426,3.0,2893
PROD02098,Brand_E,SELLER021,298,2.9,3314
PROD00374,Brand_E,SELLER084,945,4.2,2493
PROD04461,Brand_E,SELLER085,373,4.1,678
PROD02655,Brand_D,SELLER088,579,4.0,2456
PROD03916,Brand_B,SELLER045,645,3.7,4237
PROD03861,Brand_D,SELLER012,294,4.5,4586
PROD04975,Brand_G,SELLER001,357,3.3,2074
PROD02624,Brand_B,SELLER063,33,3.0,901
PROD03464,Brand_A,SELLER059,189,3.8,482
PROD02103,Brand_E,SELLER043,217,4.0,1103
PROD01969,Brand_C,SELLER075,545,4.0,4633
PROD02345,Brand_D,SELLER047,761,4.7,1292
PROD03815,Brand_B,SELLER037,278,4.3,2165
PROD03266,Brand_C,SELLER073,819,4.7,218
PROD02510,Brand_A,SELLER019,816,3.2,539
PROD03239,Brand_F,SELLER052,875,4.4,4375
PROD02044,Brand_A,SELLER035,274,2.9,2796
PROD01182,Brand_A,SELLER037,161,4.8,4312
PROD01650,Brand_H,SELLER003,375,3.6,2052
PROD02852,Brand_G,SELLER047,289,3.6,4621
PROD01208,Brand_C,SELLER018,622,2.7,1745
PROD00158,Brand_E,SELLER014,143,2.8,389
PROD01819,Brand_B,SELLER019,106,4.1,3710
PROD02175,Brand_A,SELLER050,910,4.1,2840
PROD04638,Brand_D,SELLER020,600,2.7,1224
PROD00022,Brand_C,SELLER039,930,4.1,1654
PROD04599,Brand_G,SELLER009,957,5.0,1234
PROD03127,Brand_B,SELLER040,407,4.4,1792
PROD00204,Brand_C,SELLER072,531,2.5,1360
PROD03640,Brand_B,SELLER089,776,4.9,879
PROD04918,Brand_G,SELLER027,605,4.8,4396
PROD00716,Brand_H,SELLER020,646,4.8,904
PROD03043,Brand_H,SELLER036,517,4.6,520
PROD00876,Brand_D,SELLER100,114,3.4,966
PROD01325,Brand_G,SELLER093,73,3.2,230
PROD01528,Brand_A,SELLER041,179,2.5,717
PROD04795,Brand_D,SELLER013,807,4.4,4095
PROD04271,Brand_F,SELLER091,711,3.8,3941
PROD01862,Brand_A,SELLER086,266,3.7,3898
PROD01770,Brand_F,SELLER100,427,2.5,2322
PROD04222,Brand_D,SELLER004,521,3.6,3203
PROD00223,Brand_B,SELLER005,238,4.8,3289
PROD02314,Brand_A,SELLER089,379,3.3,4213
PROD04032,Brand_H,SELLER099,308,4.0,835
PROD00577,Brand_D,SELLER008,455,4.7,2143
PROD00835,Brand_B,SELLER009,548,4.8,2847
PROD00782,Brand_C,SELLER005,798,3.5,2200
PROD00067,Brand_F,SELLER066,500,2.5,306
PROD03588,Brand_H,SELLER090,140,4.2,4701
PROD03321,Brand_A,SELLER083,327,4.5,1053
PROD03255,Brand_A,SELLER011,633,2.8,639
PROD04287,Brand_D,SELLER061,524,4.2,1208
PROD02882,Brand_E,SELLER099,35,4.1,4055
PROD02203,Brand_H,SELLER055,870,2.7,4388
PROD01751,Brand_C,SELLER024,657,2.6,1425
PROD00797,Brand_G,SELLER053,289,4.7,4283
PROD03116,Brand_A,SELLER066,49,4.9,4841
PROD03781,Brand_C,SELLER012,945,4.9,4027
PROD04537,Brand_C,SELLER054,538,2.8,84
PROD02427,Brand_D,SELLER044,891,4.8,3378
PROD01870,Brand_C,SELLER033,668,3.3,3433
PROD00062,Brand_G,SELLER046,924,4.3,4515
PROD03572,Brand_E,SELLER032,14,4.1,3099
PROD03941,Brand_C,SELLER087,453,4.9,4208
PROD02222,Brand_C,SELLER087,672,3.7,2609
PROD01265,Brand_D,SELLER060,181,4.5,2253
PROD04641,Brand_H,SELLER079,976,4.8,370
PROD01466,Brand_E,SELLER078,22,2.6,2052
PROD03685,Brand_D,SELLER095,386,2.6,2151
PROD01949,Brand_C,SELLER025,334,4.1,2579
PROD00951,Brand_H,SELLER065,486,3.0,877
PROD04667,Brand_E,SELLER065,493,4.1,2435
PROD04219,Brand_C,SELLER068,407,3.3,688
PROD00090,Brand_C,SELLER080,933,3.8,1560
PROD02096,Brand_B,SELLER096,279,3.5,1762
PROD00382,Brand_G,SELLER091,297,4.3,2602
PROD04056,Brand_G,SELLER016,541,2.7,1452
PROD04503,Brand_G,SELLER032,395,4.8,780
PROD00911,Brand_D,SELLER090,135,3.6,827
PROD03013,Brand_C,SELLER033,332,3.7,4403
PROD02437,Brand_D,SELLER045,765,4.8,4440
PROD03563,Brand_F,SELLER019,461,4.2,4472
PROD04743,Brand_D,SELLER019,451,3.8,3377
PROD01563,Brand_E,SELLER031,565,2.6,1654
PROD03926,Brand_H,SELLER049,152,3.8,4410
PROD00838,Brand_F,SELLER039,948,3.9,4098
PROD02723,Brand_G,SELLER031,826,2.6,1247
PROD01800,Brand_G,SELLER048,428,4.8,900
PROD00098,Brand_H,SELLER033,733,4.7,2283
PROD00541,Brand_F,SELLER077,357,3.3,2508
PROD04769,Brand_F,SELLER055,523,3.7,2550
PROD04897,Brand_F,SELLER044,704,4.8,4383
PROD03348,Brand_B,SELLER014,198,4.0,273
PROD04799,Brand_H,SELLER054,730,4.7,1179
PROD02645,Brand_A,SELLER100,211,4.9,4867
PROD04779,Brand_F,SELLER021,397,4.7,4403
PROD01727,Brand_G,SELLER046,743,2.5,3708
PROD01026,Brand_E,SELLER061,288,3.0,4370
PROD02157,Brand_E,SELLER081,875,3.8,3145
PROD04603,Brand_E,SELLER055,96,3.6,2267
PROD00769,Brand_E,SELLER026,743,3.9,3274
PROD02007,Brand_D,SELLER025,238,3.6,2081
PROD01703,Brand_B,SELLER032,682,3.9,1916
PROD00139,Brand_G,SELLER089,289,4.3,1462
PROD00660,Brand_F,SELLER045,644,4.8,261
PROD02947,Brand_D,SELLER054,843,3.3,2857
PROD02391,Brand_G,SELLER042,288,4.4,2744
PROD01358,Brand_E,SELLER028,221,3.2,2444
PROD02796,Brand_D,SELLER027,660,3.4,2176
PROD03953,Brand_D,SELLER040,649,4.5,4255
PROD03284,Brand_G,SELLER029,766,3.4,2097
PROD01902,Brand_E,SELLER086,652,3.4,645
PROD03414,Brand_D,SELLER092,482,3.1,2095
PROD04989,Brand_A,SELLER021,443,3.0,2112
PROD02435,Brand_H,SELLER005,195,3.9,3193
PROD01239,Brand_G,SELLER082,607,3.5,2444
PROD03676,Brand_H,SELLER070,294,4.9,364
PROD03978,Brand_C,SELLER020,466,4.2,1235
PROD01331,Brand_H,SELLER036,62,4.8,2123
PROD02628,Brand_A,SELLER007,969,4.3,294
PROD04924,Brand_G,SELLER050,393,4.9,3769
PROD04978,Brand_G,SELLER077,912,5.0,842
PROD01180,Brand_B,SELLER048,530,3.5,497
PROD04495,Brand_D,SELLER021,619,4.1,2548
PROD02410,Brand_D,SELLER074,905,4.3,2086
PROD01237,Brand_H,SELLER092,355,3.7,4294
PROD00760,Brand_A,SELLER094,616,4.1,4583
PROD01603,Brand_B,SELLER034,152,4.1,4626
PROD00920,Brand_H,SELLER048,335,3.8,3917
PROD02137,Brand_F,SELLER026,510,3.4,4090
PROD02285,Brand_E,SELLER052,803,2.8,3488
PROD02559,Brand_D,SELLER047,270,2.9,2787
PROD03836,Brand_C,SELLER005,387,4.7,2125
PROD01166,Brand_D,SELLER013,62,4.9,2257
PROD04387,Brand_C,SELLER059,333,4.4,540
PROD03071,Brand_E,SELLER038,393,4.2,2135
PROD01217,Brand_B,SELLER067,12,3.2,2693
PROD04911,Brand_A,SELLER012,587,3.1,665
PROD00728,Brand_F,SELLER095,60,3.6,677
PROD01941,Brand_A,SELLER088,628,4.4,4960
PROD03499,Brand_A,SELLER084,346,2.9,4651
PROD00401,Brand_D,SELLER047,538,4.6,4711
PROD03029,Brand_E,SELLER033,327,2.9,4198
PROD04930,Brand_H,SELLER027,116,2.8,3181
PROD03326,Brand_F,SELLER035,500,3.0,1429
PROD01959,Brand_C,SELLER009,239,4.8,121
PROD04476,Brand_A,SELLER061,547,3.7,1158
PROD01524,Brand_F,SELLER082,485,4.7,3561
PROD03162,Brand_E,SELLER055,866,4.5,4033
PROD02342,Brand_H,SELLER054,221,4.5,1219
PROD02361,Brand_F,SELLER015,265,3.7,4863
PROD04828,Brand_A,SELLER087,43,3.8,825
PROD03286,Brand_E,SELLER042,411,4.9,3270
PROD02814,Brand_G,SELLER052,858,4.7,587
PROD03939,Brand_A,SELLER016,117,2.9,3158
PROD03670,Brand_H,SELLER074,83,4.7,819
PROD02142,Brand_D,SELLER023,729,4.0,127
PROD02151,Brand_D,SELLER055,703,3.0,3527
PROD00142,Brand_A,SELLER055,989,3.4,2094
PROD01447,Brand_A,SELLER094,857,3.5,382
PROD04253,Brand_G,SELLER006,948,3.1,4400
PROD00682,Brand_H,SELLER055,9,5.0,475
PROD04187,Brand_F,SELLER006,972,3.2,1535
PROD04258,Brand_E,SELLER021,844,3.1,1786
PROD00631,Brand_D,SELLER087,347,4.4,2268
PROD00613,Brand_A,SELLER073,67,4.4,7
PROD01920,Brand_H,SELLER036,995,3.1,1821
PROD04513,Brand_F,SELLER097,272,4.8,4889
PROD04384,Brand_F,SELLER031,893,2.9,1338
PROD01049,Brand_F,SELLER046,498,4.6,4245
PROD02039,Brand_E,SELLER007,978,3.6,2101
PROD04078,Brand_B,SELLER021,902,2.6,3656
PROD03717,Brand_G,SELLER038,986,3.8,2455
PROD02451,Brand_G,SELLER094,71,3.4,1028
PROD03403,Brand_C,SELLER050,132,4.8,829
PROD03375,Brand_B,SELLER007,153,4.8,4953
PROD03913,Brand_A,SELLER008,951,3.3,4339
PROD01984,Brand_A,SELLER099,39,3.3,1259
PROD02764,Brand_H,SELLER047,885,3.2,3085
PROD04131,Brand_F,SELLER061,243,4.0,2421
PROD02701,Brand_E,SELLER010,833,3.8,4300
PROD00097,Brand_B,SELLER055,508,4.9,3124
PROD04110,Brand_H,SELLER063,104,3.0,659
PROD00934,Brand_B,SELLER095,885,2.7,2896
PROD02318,Brand_G,SELLER049,553,3.9,3382
PROD02363,Brand_G,SELLER049,383,5.0,3044
PROD00042,Brand_G,SELLER098,992,3.0,4703
PROD03540,Brand_H,SELLER059,51,2.6,1200
PROD01031,Brand_E,SELLER097,598,2.7,4031
PROD04780,Brand_C,SELLER057,557,5.0,798
PROD00590,Brand_E,SELLER014,33,3.1,2178
PROD02913,Brand_D,SELLER083,165,2.6,4269
PROD01818,Brand_H,SELLER022,818,2.5,3453
PROD00902,Brand_H,SELLER001,314,3.1,873
PROD03897,Brand_D,SELLER019,314,2.8,1876
PROD01983,Brand_H,SELLER030,260,4.4,1766
PROD02521,Brand_F,SELLER066,674,4.2,1173
PROD03632,Brand_B,SELLER098,701,4.4,2313
PROD02800,Brand_A,SELLER094,490,3.0,2093
PROD00125,Brand_B,SELLER095,484,3.5,3261
PROD02653,Brand_H,SELLER076,861,3.5,4934
PROD01175,Brand_A,SELLER098,71,2.6,2629
PROD04949,Brand_B,SELLER064,470,4.9,1859
PROD04710,Brand_G,SELLER022,780,3.6,3004
PROD04163,Brand_B,SELLER017,322,2.7,3128
PROD04126,Brand_A,SELLER057,944,3.6,4388
PROD00787,Brand_A,SELLER005,455,4.3,2877
PROD02088,Brand_B,SELLER017,100,2.9,688
PROD01162,Brand_G,SELLER086,19,4.3,1544
PROD01663,Brand_C,SELLER050,957,3.8,1411
PROD02412,Brand_A,SELLER013,709,4.1,3920
PROD04744,Brand_A,SELLER046,598,2.6,271
PROD03497,Brand_D,SELLER024,59,4.8,3207
PROD02864,Brand_C,SELLER087,79,3.3,482
PROD02759,Brand_G,SELLER082,390,4.4,2061
PROD04691,Brand_D,SELLER041,335,3.4,1442
PROD03748,Brand_F,SELLER076,817,3.2,3142
PROD04820,Brand_D,SELLER046,544,4.0,1913
PROD03276,Brand_C,SELLER051,862,3.3,4894
PROD01451,Brand_B,SELLER031,564,3.8,3061
PROD03381,Brand_C,SELLER018,264,4.0,3197
PROD02355,Brand_A,SELLER091,302,3.6,3473
PROD01219,Brand_C,SELLER080,754,3.2,0
PROD01036,Brand_D,SELLER028,850,2.7,1167
PROD03128,Brand_B,SELLER051,122,5.0,4957
PROD04546,Brand_C,SELLER058,99,3.4,2830
PROD00457,Brand_E,SELLER015,42,3.8,2195
PROD02397,Brand_F,SELLER048,712,3.6,3203
PROD00301,Brand_A,SELLER089,855,5.0,1054
PROD02589,Brand_F,SELLER058,572,2.6,4864
PROD01956,Brand_H,SELLER086,440,3.0,2464
PROD04347,Brand_E,SELLER020,258,4.4,2466
PROD02966,Brand_E,SELLER071,700,3.7,2541
PROD00837,Brand_H,SELLER078,717,3.3,4098
PROD03418,Brand_H,SELLER047,503,2.8,1245
PROD01546,Brand_H,SELLER048,246,2.5,4378
PROD02801,Brand_E,SELLER006,340,4.8,284
PROD02368,Brand_A,SELLER036,752,4.3,1946
PROD01848,Brand_H,SELLER099,767,3.1,3670
PROD00813,Brand_F,SELLER072,627,4.8,3137
PROD04076,Brand_B,SELLER007,790,4.7,2402
PROD01735,Brand_B,SELLER022,64,3.1,3458
PROD02073,Brand_B,SELLER072,172,2.6,3719
PROD02612,Brand_D,SELLER099,310,4.8,514
PROD01384,Brand_H,SELLER022,43,3.0,2149
PROD03761,Brand_G,SELLER028,273,3.3,4459
PROD04002,Brand_G,SELLER078,422,2.5,1129
PROD01152,Brand_A,SELLER078,805,4.8,3283
PROD04149,Brand_E,SELLER031,58,4.4,2201
PROD00800,Brand_B,SELLER062,671,4.6,4362
PROD02126,Brand_B,SELLER038,497,3.1,1099
PROD01839,Brand_G,SELLER061,985,3.6,2323
PROD02335,Brand_B,SELLER039,949,4.7,1945
PROD04301,Brand_A,SELLER095,599,2.6,2556
PROD03838,Brand_E,SELLER004,157,4.8,238
PROD03004,Brand_H,SELLER002,378,2.7,2383
PROD01614,Brand_A,SELLER008,296,2.6,1946
PROD01464,Brand_H,SELLER005,333,2.7,3146
PROD04697,Brand_A,SELLER004,858,2.9,1604
PROD01033,Brand_F,SELLER048,485,3.0,1496
PROD04790,Brand_F,SELLER089,431,3.5,978
PROD01885,Brand_D,SELLER033,648,3.2,752
PROD04520,Brand_G,SELLER027,779,2.5,908
PROD00963,Brand_B,SELLER067,447,3.7,4835
PROD03600,Brand_H,SELLER091,627,4.0,2290
PROD04193,Brand_H,SELLER095,312,3.7,3347
PROD03074,Brand_D,SELLER063,732,3.6,3473
PROD01692,Brand_D,SELLER079,307,2.8,4680
PROD01288,Brand_E,SELLER019,992,2.6,1653
PROD02513,Brand_F,SELLER007,444,4.0,2002
PROD02506,Brand_E,SELLER089,7,3.9,676
PROD00624,Brand_H,SELLER041,390,2.7,901
PROD04027,Brand_B,SELLER002,791,4.0,3927
PROD00918,Brand_E,SELLER093,936,2.6,2591
PROD00845,Brand_F,SELLER008,769,3.4,579
PROD01553,Brand_F,SELLER077,484,3.9,312
PROD00570,Brand_A,SELLER037,639,2.7,187
PROD00591,Brand_H,SELLER038,632,4.8,2685
PROD03484,Brand_F,SELLER065,92,3.6,2930
PROD03178,Brand_A,SELLER053,432,3.7,587
PROD01547,Brand_H,SELLER004,784,2.7,4539
PROD04662,Brand_C,SELLER050,253,2.6,3171
PROD04943,Brand_D,SELLER025,989,3.2,1739
PROD00303,Brand_H,SELLER058,202,4.4,4391
PROD03424,Brand_G,SELLER010,41,4.7,2738
PROD02846,Brand_D,SELLER066,673,2.6,1191
PROD03068,Brand_A,SELLER068,870,4.9,2447
PROD00494,Brand_B,SELLER087,818,4.2,1866
PROD04243,Brand_H,SELLER015,160,4.5,1415
PROD03574,Brand_F,SELLER079,349,2.6,3440
PROD02366,Brand_A,SELLER068,920,2.9,1520
PROD01682,Brand_A,SELLER030,274,4.6,1102
PROD04094,Brand_A,SELLER055,754,2.6,157
PROD04893,Brand_B,SELLER030,868,4.1,2744
PROD00678,Brand_H,SELLER082,165,3.0,722
PROD01225,Brand_E,SELLER089,428,4.5,2016
PROD02185,Brand_A,SELLER002,858,3.7,1451
PROD01845,Brand_C,SELLER012,361,4.2,3786
PROD04455,Brand_D,SELLER091,336,3.0,786
PROD03324,Brand_F,SELLER023,925,4.0,2522
PROD04058,Brand_G,SELLER002,863,4.5,3311
PROD01324,Brand_H,SELLER090,70,3.3,2447
PROD03610,Brand_G,SELLER015,151,3.2,76
PROD02195,Brand_D,SELLER036,488,4.7,4201
PROD02483,Brand_A,SELLER086,600,4.0,315
PROD04854,Brand_C,SELLER008,473,3.0,590
PROD01050,Brand_C,SELLER070,787,3.2,2004
PROD00412,Brand_H,SELLER016,468,5.0,3559
PROD01588,Brand_D,SELLER068,193,4.4,2011
PROD04959,Brand_D,SELLER050,757,3.9,4773
PROD02599,Brand_E,SELLER020,596,2.7,247
PROD03866,Brand_G,SELLER007,934,3.1,4727
PROD03221,Brand_C,SELLER045,742,4.7,4931
PROD04046,Brand_F,SELLER094,402,3.1,479
PROD03813,Brand_F,SELLER024,258,3.1,4186
PROD03372,Brand_E,SELLER005,102,3.6,2433
PROD00897,Brand_A,SELLER053,652,3.1,4165
PROD00900,Brand_H,SELLER060,903,4.8,42
PROD02542,Brand_B,SELLER008,997,3.3,2034
PROD01921,Brand_C,SELLER016,324,4.6,3819
PROD03357,Brand_C,SELLER037,221,3.9,3796
PROD01452,Brand_F,SELLER007,500,2.6,3894
PROD01445,Brand_G,SELLER078,863,4.8,4583
PROD02006,Brand_F,SELLER011,342,4.8,3785
PROD00335,Brand_F,SELLER074,423,2.8,2392
PROD03698,Brand_F,SELLER028,288,2.8,3153
PROD02944,Brand_F,SELLER039,304,3.1,3420
PROD01570,Brand_H,SELLER062,466,2.5,3083
PROD04045,Brand_B,SELLER057,970,4.6,4842
PROD02062,Brand_D,SELLER100,742,3.9,4914
PROD01243,Brand_E,SELLER047,108,4.1,229
PROD02767,Brand_D,SELLER089,964,4.8,2
PROD04631,Brand_G,SELLER018,191,3.6,4545
PROD02831,Brand_F,SELLER086,430,3.1,3530
PROD00808,Brand_H,SELLER034,228,4.4,2822
PROD04544,Brand_E,SELLER070,15,4.7,1557
PROD01011,Brand_A,SELLER086,277,4.8,919
PROD00904,Brand_G,SELLER090,950,4.5,2766
PROD00219,Brand_E,SELLER061,930,5.0,2854
PROD02834,Brand_E,SELLER087,844,4.2,4854
PROD03443,Brand_C,SELLER093,446,4.2,1520
PROD03760,Brand_H,SELLER016,457,4.3,4256
PROD03928,Brand_E,SELLER099,953,2.9,2414
PROD02000,Brand_G,SELLER040,53,3.0,2300
PROD03253,Brand_H,SELLER049,334,4.5,725
PROD03001,Brand_F,SELLER014,798,4.5,3550
PROD02470,Brand_A,SELLER056,255,3.8,39
PROD00153,Brand_D,SELLER071,354,2.7,4853
PROD01113,Brand_E,SELLER079,174,4.5,204
PROD02669,Brand_G,SELLER087,958,4.0,3594
PROD00478,Brand_F,SELLER031,451,4.1,176
PROD03547,Brand_H,SELLER100,864,4.6,517
PROD04035,Brand_G,SELLER038,384,3.4,2509
PROD04234,Brand_B,SELLER085,168,3.2,2430
PROD04400,Brand_F,SELLER052,823,3.9,248
PROD04907,Brand_C,SELLER069,745,2.6,2127
PROD00157,Brand_H,SELLER092,225,3.2,418
PROD01852,Brand_D,SELLER044,250,4.9,1937
PROD02827,Brand_C,SELLER015,39,2.7,158
PROD04226,Brand_E,SELLER097,961,3.3,3778
PROD02961,Brand_D,SELLER056,160,2.9,2866
PROD00486,Brand_C,SELLER099,362,4.4,1035
PROD03215,Brand_E,SELLER074,2,4.7,4376
PROD02199,Brand_E,SELLER062,867,4.3,4506
PROD03755,Brand_H,SELLER017,586,4.4,564
PROD01260,Brand_E,SELLER065,277,3.4,4340
PROD04574,Brand_F,SELLER023,176,3.2,175
PROD01368,Brand_E,SELLER070,89,4.6,279
PROD02591,Brand_F,SELLER009,455,3.5,2467
PROD01530,Brand_H,SELLER062,871,3.9,4179
PROD03471,Brand_D,SELLER077,906,3.9,2343
PROD01915,Brand_E,SELLER088,763,2.7,2452
PROD01261,Brand_E,SELLER023,928,3.2,3910
PROD04692,Brand_E,SELLER023,875,2.7,3325
PROD02886,Brand_B,SELLER075,480,3.8,2991
PROD00664,Brand_D,SELLER083,946,4.1,824
PROD02841,Brand_A,SELLER034,426,2.8,1514
PROD02867,Brand_C,SELLER038,682,3.8,749
PROD00647,Brand_A,SELLER094,581,4.4,981
PROD02312,Brand_G,SELLER025,703,3.9,854
PROD00922,Brand_A,SELLER004,745,2.8,4426
PROD01371,Brand_F,SELLER081,457,3.1,3999
PROD04564,Brand_H,SELLER013,451,4.6,2370
PROD02004,Brand_B,SELLER043,688,3.6,2921
PROD02967,Brand_H,SELLER076,653,3.5,3398
PROD01282,Brand_F,SELLER055,577,3.7,482
PROD03250,Brand_H,SELLER008,49,4.9,2448
PROD02533,Brand_D,SELLER072,9,3.8,3022
PROD03468,Brand_B,SELLER100,717,4.9,3840
PROD00336,Brand_C,SELLER091,730,4.2,1448
PROD02467,Brand_G,SELLER047,239,2.5,3336
PROD03224,Brand_F,SELLER064,121,2.7,4137
PROD04179,Brand_D,SELLER018,174,4.6,575
PROD01844,Brand_G,SELLER041,962,4.6,2662
PROD03998,Brand_H,SELLER042,957,4.0,3613
PROD01422,Brand_D,SELLER067,842,3.7,437
PROD01645,Brand_C,SELLER056,928,2.7,1335
PROD01110,Brand_F,SELLER061,119,2.7,2752
PROD01807,Brand_F,SELLER076,40,2.7,643
PROD03947,Brand_A,SELLER053,105,4.8,4815
PROD01971,Brand_A,SELLER041,65,3.1,3590
PROD00788,Brand_C,SELLER027,111,4.6,1517
PROD01142,Brand_G,SELLER050,117,2.7,4301
PROD03089,Brand_H,SELLER012,467,5.0,4645
PROD01468,Brand_A,SELLER087,454,3.8,241
PROD00426,Brand_C,SELLER057,917,5.0,883
PROD02209,Brand_F,SELLER038,756,5.0,3903
PROD01294,Brand_F,SELLER006,962,3.6,275
PROD01708,Brand_C,SELLER049,375,2.6,1006
PROD02740,Brand_A,SELLER042,658,2.8,749
PROD02229,Brand_H,SELLER094,360,4.6,3872
PROD04787,Brand_B,SELLER013,23,3.7,872
PROD00384,Brand_G,SELLER040,141,4.8,1390
PROD04832,Brand_F,SELLER049,795,3.7,3426
PROD04725,Brand_E,SELLER044,826,3.6,4336
PROD04174,Brand_E,SELLER095,26,4.8,3596
PROD01510,Brand_A,SELLER067,94,2.7,1992
PROD01744,Brand_A,SELLER084,612,4.9,3324
PROD02090,Brand_C,SELLER070,856,4.2,3575
PROD01349,Brand_A,SELLER043,618,4.7,291
PROD00642,Brand_F,SELLER069,83,3.0,2782
PROD03791,Brand_A,SELLER078,790,3.5,4860
PROD02632,Brand_H,SELLER080,539,3.5,292
PROD01158,Brand_H,SELLER049,344,2.9,3387
PROD00088,Brand_B,SELLER085,717,3.3,1452
PROD00151,Brand_A,SELLER004,744,4.8,2694
PROD04117,Brand_E,SELLER067,221,3.2,4180
PROD02367,Brand_C,SELLER024,883,3.4,3688
PROD03058,Brand_H,SELLER023,609,4.6,4081
PROD04966,Brand_E,SELLER092,142,3.9,1172
PROD01235,Brand_H,SELLER058,99,4.8,3081
PROD01278,Brand_F,SELLER069,163,4.7,3817
PROD02623,Brand_D,SELLER006,528,3.3,2408
PROD02868,Brand_F,SELLER045,134,3.8,3316
PROD04652,Brand_B,SELLER084,684,4.8,2012
PROD01124,Brand_A,SELLER066,871,3.1,1891
PROD03103,Brand_H,SELLER022,929,4.6,1704
PROD01290,Brand_C,SELLER035,396,2.9,2670
PROD02643,Brand_D,SELLER070,332,3.3,3627
PROD01725,Brand_B,SELLER069,27,4.3,1111
PROD04653,Brand_B,SELLER058,156,4.9,4452
PROD02989,Brand_C,SELLER010,749,5.0,3112
PROD01386,Brand_H,SELLER052,853,3.3,3131
PROD02035,Brand_F,SELLER040,76,3.6,4887
PROD04449,Brand_D,SELLER064,866,2.6,4403
PROD00652,Brand_G,SELLER002,630,4.2,714
PROD01296,Brand_F,SELLER059,492,2.9,1296
PROD04678,Brand_B,SELLER039,958,4.2,34
PROD01379,Brand_F,SELLER075,583,3.6,3963
PROD04025,Brand_F,SELLER027,231,4.3,4902
PROD01649,Brand_C,SELLER082,589,3.3,1284
PROD02617,Brand_A,SELLER025,549,4.1,3232
PROD01302,Brand_G,SELLER034,161,4.3,3469
PROD00839,Brand_A,SELLER053,979,4.9,224
PROD03626,Brand_D,SELLER088,875,3.3,2983
PROD04488,Brand_B,SELLER079,113,4.6,1188
PROD03961,Brand_E,SELLER065,317,4.0,4675
PROD04297,Brand_A,SELLER040,973,4.2,3794
PROD01130,Brand_D,SELLER003,888,4.6,168
PROD03053,Brand_H,SELLER017,856,2.7,4269
PROD02911,Brand_G,SELLER085,32,4.6,3483
PROD03344,Brand_A,SELLER002,892,3.1,2094
PROD04160,Brand_F,SELLER054,49,4.9,1058
PROD00291,Brand_E,SELLER054,643,4.3,3289
PROD00576,Brand_E,SELLER044,965,4.7,2705
PROD00503,Brand_H,SELLER017,361,3.0,394
PROD03000,Brand_A,SELLER001,885,3.9,2935
PROD04797,Brand_E,SELLER076,895,3.8,4507
PROD04841,Brand_B,SELLER081,35,2.8,2920
PROD03445,Brand_G,SELLER055,154,2.9,1906
PROD03003,Brand_B,SELLER066,486,2.7,4281
PROD04733,Brand_H,SELLER006,782,4.9,2321
PROD00949,Brand_C,SELLER070,1,4.9,3677
PROD00234,Brand_F,SELLER077,976,4.4,2207
PROD00370,Brand_D,SELLER081,218,4.5,674
PROD00433,Brand_A,SELLER037,977,4.3,3758
PROD04863,Brand_F,SELLER063,344,4.0,3944
PROD02619,Brand_A,SELLER048,974,2.8,2281
PROD04481,Brand_G,SELLER022,711,3.4,4198
PROD04675,Brand_H,SELLER010,528,3.5,1955
PROD02973,Brand_D,SELLER024,551,4.3,4819
PROD00266,Brand_A,SELLER042,204,4.8,1376
PROD04632,Brand_F,SELLER004,88,4.1,4403
PROD02893,Brand_A,SELLER053,465,3.2,3694
PROD04891,Brand_E,SELLER041,570,3.3,1659
PROD00622,Brand_E,SELLER007,501,3.6,327
PROD04106,Brand_E,SELLER044,943,2.5,3486
PROD03164,Brand_E,SELLER068,590,3.2,3751
PROD01829,Brand_C,SELLER034,487,2.5,941
PROD03208,Brand_B,SELLER023,102,3.6,2150
PROD01462,Brand_G,SELLER038,167,4.5,4294
PROD03824,Brand_H,SELLER002,899,3.3,424
PROD00694,Brand_B,SELLER060,928,3.8,1390
PROD02576,Brand_E,SELLER020,43,4.9,3136
PROD02999,Brand_A,SELLER028,170,4.3,3149
PROD00654,Brand_H,SELLER021,193,4.1,3857
PROD04784,Brand_A,SELLER050,270,3.9,523
PROD03695,Brand_F,SELLER009,164,3.9,3181
PROD01943,Brand_D,SELLER096,355,3.0,1135
PROD00684,Brand_E,SELLER083,840,2.9,2345
PROD00602,Brand_C,SELLER085,328,4.0,4883
PROD02202,Brand_H,SELLER084,487,3.4,4282
PROD02716,Brand_A,SELLER073,239,4.0,2885
PROD01861,Brand_A,SELLER057,920,2.6,4127
PROD01327,Brand_G,SELLER003,193,2.6,4540
PROD00860,Brand_A,SELLER016,246,3.0,1861
PROD00314,Brand_H,SELLER006,670,3.7,1696
PROD04776,Brand_E,SELLER014,876,3.5,1241
PROD01148,Brand_F,SELLER088,460,3.2,1640
PROD01549,Brand_H,SELLER099,508,3.0,4415
PROD04244,Brand_A,SELLER047,563,4.7,2214
PROD03406,Brand_D,SELLER068,204,4.9,2354
PROD04264,Brand_B,SELLER039,500,4.9,2175
PROD03177,Brand_B,SELLER007,194,3.3,4160
PROD04702,Brand_F,SELLER044,365,4.2,170
PROD04252,Brand_F,SELLER022,563,2.8,1933
PROD01177,Brand_H,SELLER023,622,4.6,3166
PROD03933,Brand_B,SELLER016,703,3.6,1635
PROD03745,Brand_F,SELLER040,780,4.3,823
PROD04934,Brand_B,SELLER079,583,2.9,4510
PROD01275,Brand_C,SELLER072,158,2.8,1308
PROD00290,Brand_C,SELLER051,193,4.7,1754
PROD00312,Brand_G,SELLER048,272,3.4,144
PROD02469,Brand_E,SELLER004,603,3.0,304
PROD01184,Brand_E,SELLER088,649,3.7,2472
PROD01910,Brand_E,SELLER005,563,4.1,511
PROD02618,Brand_C,SELLER091,342,2.7,2896
PROD03567,Brand_B,SELLER029,16,3.5,4028
PROD02644,Brand_G,SELLER026,123,2.5,4538
PROD04399,Brand_D,SELLER064,532,4.5,4313
PROD01109,Brand_E,SELLER016,771,4.2,4753
PROD03811,Brand_D,SELLER059,33,4.2,2288
PROD03734,Brand_D,SELLER080,748,4.6,1672
PROD02160,Brand_A,SELLER042,179,3.4,944
PROD00605,Brand_F,SELLER052,213,3.2,137
PROD01806,Brand_B,SELLER002,571,3.3,1383
PROD01828,Brand_A,SELLER013,277,2.9,4144
PROD03634,Brand_E,SELLER078,565,3.9,4967
PROD04235,Brand_H,SELLER067,544,3.9,400
PROD03716,Brand_A,SELLER052,468,3.7,4509
PROD00740,Brand_D,SELLER033,456,3.9,3694
PROD04809,Brand_C,SELLER019,787,2.5,3896
PROD04120,Brand_F,SELLER077,819,2.6,1359
PROD02777,Brand_H,SELLER064,962,3.4,3410
PROD00442,Brand_B,SELLER058,960,2.5,158
PROD00620,Brand_C,SELLER067,74,4.6,3480
PROD03635,Brand_B,SELLER061,480,4.9,2878
